author,party,date,text,topic_tags,sentiment_tags
יובל שטייניץ,הליכוד,"21 במרץ 2019, 18:07","['הצהרתו של נשיא ארהב להכיר ב ריבונות ב רמת הגולן היא הוכחה נוספת ל ה קשר ה חזק ו ה חם בין ה נשיא טראמפ לבין רהמ נתניהו', 'אשר מחזק את ה ידידות ה עמוקה ו ה מחויבות בין ה מדינ']","[1, 1]","[1, 1]"
מרדכי יוגב,איחוד מפלגות הימין,"21 במרץ 2019, 17:24","['עם ישראל עם ה גולן', 'תודה ל נשיא ארצות ה ברית דונלד טראמפ', 'ש בחר ב ה פורים לתת ל ה עם ישראל סיבה נוספת לשמוח', 'ו החליט להכיר ב ה ריבונות ה ישראלית ב רמת ה גולן', 'מדובר ב חלק בלתי נפרד מ עם ישראל', 'מ ארץ ישראל ו מ מדינת ישראל', 'מ חוייביםלריבונ']","[0, 1, 1, 1, 0, 0, 0]","[2, 1, 1, 1, 2, 2, 2]"
מירי רגב,הליכוד,"13 במרץ 2019, 18:04","['אני מברכת על ה החלטה ה נכונה של מחלקת ה מדינה ה אמריקאית לבטל את ה מונח ה שקרי ש טחים כ בושים', 'החלטה זו משקפת את ה מציאות ש מדינת ישראל היא מדינת ה עם ה יהודי מולדתנו בת אלפי ה שנים', 'שוב תודתנו נתונה ל נשיא טראמפ ש מוכיח פעם אחר פעם את ידידותו ה עמוקה ל ישראל', 'ה שמאל אמנם ימשיך ל ה פמפם את ה שקר ו ה נרטיב ה פלסטיני על שטחים כבושים דמיוניים', 'אבל ה כבושים ה יחידים ב ישראל הם ה חמוצים', 'ארץ ישראל תישאר מדינת ה לאום של ה עם ה יהודי ו רק של ה']","[1, 1, 1, 0, 0, 0]","[1, 1, 1, 2, 2, 2]"
נפתלי בנט,הימין החדש,"6 בפברואר 2019, 07:04","['בני גנץ אומר ב ראיון ש יש לגרש עוד יהודים מ ה ביתבאופן ה ומאניבמהלך התנתקות חד צדדית מ יהודה ו שומרון', 'לאור תכנית טראמפ ל מדינה פלסטינית ש ממתינה ל אנחנו מיד לאחר ה בחירות', 'יש כאן סכנה ברורה ו מיידית ל ה התיישבות', 'רק מפלגת ה ימין ה חדש חזקה תמנע מ בני גנץ ל היות שר ה ביטחון ב ממשלת נתניהו ה ב']","[0, 1, 1, 2]","[2, 0, -1, 0]"
נפתלי בנט,הימין החדש,"22 בדצמבר 2018, 18:47","['ישראל תגן על עצמה ב כוחות עצמה', 'גם ללא ה נוכחות ה אמריקאית ב סוריה זה מה ש אמרתי הערב ב ה מטה ה מרכזי עם אילה חסון על החלטת ה נשיא טראמפ מ ה שבוע ש עבר', 'ו עוד סקופ מפתיע על גילת אשתי ו על ה ממשלה ה נוכחית', 'צפו ב ה ראיון ה מ']","[0, 1, 0, 0]","[2, 0, 2, 2]"
יאיר לפיד,כחול לבן,"7 בנובמבר 2018, 12:54","['ה נצחון ה דמוקרטי ב ה מירוץ ל ה קונגרס ב ארהב יוצר לא מעט אתגרים ל ה ממשלה ה נוכחית', 'כבר יותר מ שנתיים ש כולם אומרים לנתניהו ש זה יקרה', 'אבל הוא חשב ש הוא יודע יותר טוב', 'קודם כל מפני ש זה יקשה על טראמפ להמשיך לעבוד', 'לא היה ל אנחנו ו אולי גם לא יהיה נשיא אמריקאי ידידותי יותר ל ישראל', 'ב ה שנתיים ה אחרונות הוא עשה סדרה של צעדים מבורכים', 'העברת ה שגרירות', 'ביטול הסכם ה גרעין ו החזרת ה סנקציות', 'ביטול ה תקציב ל ה אונרא', 'ה מלחמה ה גלויה ב ה אום', 'מה ש מחמיר את ה מצב היא ה עובדה ש נתניהו מזוהה היום ב אופן מוחלט עם ה מפלגה ה רפובליקנית', 'שיתוף ה פעולה ה צמוד של הוא ו של ה שגריר של הוא רון דרמר עם ה רפובליקנים ריסק ל ה רסיסים כל נסיון להעמיד פנים ש ישראל נמצאת מ חוץ ל ה מגרש ה פוליטי ב ה ארהב', 'אני לא מוכנה ש הוא ייכנס אצל אני ב ה דלת', 'אמרה ל אני על דרמר חברת קונגרס דמוקרטית משפיעה במיוחד', 'הוא לא ישראלי', 'הוא רפובליקני', 'אמרה ל אני סנטורית חשובה ו הדגישה ש זה נכון לגבי נתניהו ודרמר', 'גם על ה קרע ה מתמשך עם יהדות ארהב אנחנו הולכים לשלם מחיר', 'חבר קונגרס יהודי ליברלי מ ניו יורק', 'גרי נדלר', 'יעמוד ב ראש ועדת ה חוקה ו ינהל את דיוני ה הדחה של טראמפ אם יהיו', 'ליברל יהודי אחר', 'אליוט אנגל', 'יהיה ראש ועדת ה חוץ של בית ה נבחרים', 'שני ה אישים ה אלה הם ידידי ישראל מובהקים', 'אבל כועסים מאוד על נתניהו', 'שניהם דיברו לא פעם על ביטול מתווה ה כותל ו על חוק ה גיור', 'הם שייכים ל קבוצת ה יהודים ש מרגישים שממשלת ישראל ב ה גדה ב ה הם', 'לא בטוח ש הם טועים', 'מעבר ל ה הם', 'לא רק ש ה דמוקרטים כבשו את ה קונגרס', 'צריך לשים לב ל ה שאלה על איזה דמוקרטים מדובר', 'כמו ה שמאל ה אירופי', 'גם ה שמאל ה אמריקאי אינו אוהד את ישראל', 'חברי קונגרס צעירים מ קואליציית ה מיעוטים הולכים להוביל ב ה שנתיים ה קרובות קו אנטי ישראלי חריף', 'אפשר לטפל ב ה זה', 'ל ישראל יש סיפור חזק ו טוב ו אנחנו ידענו ב ה עבר לפעול מול שתי ה מפלגות בלי להיקלע ל ה סכסוכים בין הם', 'אלא ש זה לא יכול לקרות בלי עבודה מקצועית ראויה', 'לא כש אין משרד חוץ מתפקד', 'לא כש ה טיפול של ראש ה ממשלה ב ה זירה ה פוליטית ה אמריקאית הפך ל ה יהיר ו רשלני', 'לא כש ה מדיניות מוכתבת מ שיקולים קואליציוניים ו מ ה פחד מ ה סיעות ה חרדיות ב ה מקום מ מה ש טוב ל מדינת ישר']","[1, 2, 2, 1, 1, 1, 1, 1, 1, 1, 2, 2, 2, 0, 2, 2, 2, 0, 0, 0, 1, 0, 0, 0, 0, 2, 2, 2, 2, 0, 0, 0, 0, 0, 0, 0, 0, 0, 0, 2, 0]","[-1, 0, -1, -1, 1, 1, 1, 1, 1, 1, -1, -1, 0, 2, 0, 0, 0, 2, 2, 2, 0, 2, 2, 2, 2, -1, 0, -1, -1, 2, 2, 2, 2, 2, 2, 2, 2, 2, 2, -1, 2]"
יואב קיש,הליכוד,"27 בספטמבר 2018, 15:37","['רגע לפני נאומו של ראש ה ממשלה נתניהו הערב באום', 'צריך להזכיר את ה אמירה ה חשובה ו ה ברורה ביותר אתמול מ פי ה נשיא טראמפ', 'ב ה רוסיה ו ב ה כלל', 'אנחנו עם ישראל ב 100', 'זה יותר חשוב מ כל אמירה על מדינה או שתיים', 'יש עוד אופציות כמו תכנית ה אוטונומיה ש הצעתי', 'ב ה תגובה ה ראשונה', 'לא תתקיים ריבונות נוספת חוץ מישראל בין ה ים ל ירדן ו אל תתנו ל אף אחד לבלבל את א']","[2, 1, 0, 0, 0, 0, 0, 0]","[0, 1, 2, 2, 2, 2, 2, 2]"
זאב אלקין,הליכוד,"11 בספטמבר 2018, 18:51","['אני מברך על החלטת ה נשיא טראמפ ו ה ממשל ה אמריקאי לסגור את נציגות אשף ב ה וושינגטון', 'אשף ב הנהגת אבו מ אזן הוא ארגון ש מעודד טרור דרך הזרמת משכורות עתק ל ה מחבלים רוצחים', 'מפיץ הסתה נגד מדינת ישראל ב מערכת ה חינוך ו ב תקשורת ה פלסטינית ו פועל ב כל ה כח נגד אנחנו ב ה זירה ה בינלאומית', 'ה החלטה ה אמריקאית מוכיחה פעם נוספת את מה ש כבר אמרתי לא פעם', 'אבו מאזן איננו פרטנר ל שלום', 'אלא מכשול ל ה שלום', 'צילום מסך מת']","[1, 0, 0, 1, 0, 0, 0]","[1, 2, 2, 1, 2, 2, 2]"
בנימין נתניהו,הליכוד,"12 ביוני 2018, 17:51","['אני מברך את נשיא ארהב דונלד טראמפ על ה פסגה ה היסטורית ב ה סינגפור', 'זהו צעד חשוב ב ה מאמץ לפרק את חצי ה אי ה קוריאני מנשק גרעיני', 'ה נשיא טראמפ נוקט עמדה תקיפה גם נגד ניסיונה של איראן להתחמש ב נשק גרעיני ו גם נגד תוקפנותה ב ה מזרח ה תיכון', 'ה דבר ה זה כבר נותן את אותותיו ב ה כלכלה ה איראנית', 'מדיניותו של ה נשיא טראמפ היא ב שורה חשובה ל ה ישראל', 'ל ה אזור ו ל ה עולם כולו', 'ו ידאו', 'עומר מ ירון', 'ל ה עמ', 'בן פרץ', 'ל ה ']","[1, 1, 1, 0, 1, 1, 0, 0, 0, 0, 0]","[1, 1, 1, 2, 1, 0, 2, 2, 2, 2, 2]"
אלעזר שטרן,כחול לבן,"9 במאי 2018, 09:24","['חיכינו ב ה ציפייה ל החלטתו של נשיא ארצות ה ברית', 'ו שמחנו לשמוע את היא', 'ה נשיא טראמפ הוא ידיד אמת של ישראל ו זה רק סמלי ש ה החלטה על פרישה מ הסכם ה גרעין מתלכדת עם ה החלטה ל העברת ה שגרירות מ ירושלים', 'איננו יכולים להתעלם מ תרומתו של ראש ה ממשלה ל צעדים אלה', 'כעת עלינו לפעול ל רתימת מדינות אירופה ו אחרות ל ה צעדים ל מניעת נשק גרעיני איראני', 'אין ספק ש לאור החלטות בעלות משמעות ביטחונית כמו אלה', 'על אנחנו להעריך את ה עבודה ה חשובה ש עושים גופי ה ביטחון של מדינת ישראל יום ו ליל', 'ב כך הם מאפשרים ל ה קברניטים לקבל החלטות ש גם אם יש ב ה הן סיכון מסוים', 'נכון לקחת את הן', 'כאשר מדובר ב חוסן ה לאומי ש לנו נוכח אירועים ביטחוניים ש יתכן ו יתרחשו כאן', 'אין קואליציה ו אופוזיציה', 'כולנו עם א']","[1, 1, 1, 2, 0, 0, 0, 0, 0, 0, 0, 0]","[0, 1, 1, 1, 2, 2, 2, 2, 2, 2, 2, 2]"
משה יעלון,כחול לבן,"8 במאי 2018, 19:08","['ארהב ב הנהגת ה נשיא טראמפ מתייצבת מחדש ב הנהגת ה עולם ה חופשי ו חוזרת ל תפקיד ה שוטר ה עולמי', 'את הוא זנחה ב עצימת עיניים ב שמונה שנות ממשל אובמה קרי', 'שנים ארוכות התרענו', 'ה זהרנו', 'סיפקנו נתונים ו פעלנו בגלוי ו ב חשאי', 'שנים ארוכות עד ש ה אסימון נפל', 'אסור ש ל איראן תהיה יכולת גרעינית צבאית', 'אסור ש ל איראן תהיה יכולת טילית בליסטית ארוכת טווח', 'נשבענו למנוע זאת גם אם נישאר לבד', 'אני גאה ב גורמי ה ביטחון ש נטלו חלק ב ה מאמצים ה אדירים הללו ל אורך שנים ש הייתה ל אני ה זכות לקחת ב הם חלק ו אף להוביל', 'הערב אזרחי ישראל יודעים ש ארהב לא משאירה את אנחנו לבד', 'ב ה ערב ה זה אזרחי ישראל כולם', 'גם שותפים ל ה דרך ו גם יריבים פוליטיים חייבים להעריך את ה נחישות ו ה דבקות ב מטרה של ראהמ נתניהו ש הובילו ל כך', 'יתכן ו חוסננו ה אזרחי ו ה צבאי יידרשו לעמוד ב ה מבחן', 'אין ל אני ספק ש נוכל ל הוא כ חברה ו כ ה מדי']","[1, 0, 0, 0, 0, 0, 0, 0, 0, 0, 1, 0, 2, 0, 0]","[1, 2, 2, 2, 2, 2, 2, 2, 2, 2, 1, 2, 1, 2, 2]"
עפר שלח,כחול לבן,"8 במאי 2018, 18:39","['טראמפ החליט', 'מה צריך לעשות עכשיו', 'ה החלטה ה חד משמעית של ה נשיא טראמפ לפרוש מ הסכם ה גרעין עם איראן צריכה להיות תחילתו של סדר חדש', 'ה צעד ה בא הוא גיוס ה עולם כולו', 'כולל ה שותפות ה אחרות ל ה הסכם ש לא פרשו מן אנחנו', 'ל עיצוב מצב נכון יותר', 'תוך תיקון כל חסרונותיו של ה הסכם ה קיים', 'תיבלם ה תוקפנות ה איראנית כלפי ישראל ו מדינות אחרות ב ה איזור תיעצר תכנית פיתוח ה טילים של איראן', 'ו ישופרו ה סעיפים ה נוגעים ל ה תקופה ש אחרי פקיעת ה הסכם ה נוכחי', 'ל שם צריכה מדיניות ישראל ל ה כוון', 'ל ה זה אנחנו צריכים לרתום את אירופה ו לעזור לשכנע את רוסיה להצטרף', 'ל ה שם', 'ו ל החזרת ארהב ל תפקיד פעיל ו מוביל ב ה איזור', 'רק כך יהפוך ה צעד ה החלטי ש נקט היום נשיא ארהב ל תחילתו של עולם טוב יו']","[1, 0, 1, 0, 0, 0, 0, 0, 0, 0, 0, 0, 1, 1]","[0, 2, 1, 2, 2, 2, 2, 2, 2, 2, 2, 2, 1, 1]"
יואב גלנט,הליכוד,"8 במאי 2018, 18:26","['ה בטיח ו קיים', 'ה נשיא טראמפ הוא מנהיג עולמי בעל שיעור קומה ו חבר אמת של ישראל', 'תעשיית ה שקר ה איראנית ניסתה לחפות על תעשיית ה גרעין', 'טראמפ עשה את ה צעד ה ממשי ה ראשון ל שינוי ה מצב', 'ה דרך תהיה ארוכה ו אנו עלולים לשלם מחיר אך יש ל אנחנו בעל ברית רב עוצמה ב ה דרכנו להחזיר את ה שד ה איראני ל ה בקבוק', 'אבי אוחיון', 'ל ה ']","[0, 1, 0, 1, 0, 0, 0]","[2, 1, 2, 1, 2, 2, 2]"
זאב אלקין,הליכוד,"25 באפריל 2018, 17:44","['אני מברך על הכרזתו של נשיא צכיה על העברת ה שגרירות ה צכית לירושלים', 'מימוש ה הכרזה ה זאת', 'ללא ספק', 'יביא גם מדינות נוספות ל ה לכת ב ה דרך ש התווה ה נשיא טראמפ ו להעביר את ה שגרירויות של הם ל ירושלים', 'אנחנו ב ה משרד ירושלים ו מורשת נעשה ה כל על מנת לסייע ו לזרז את ה מעבר', 'כבר למעלה משנה ש אנו', 'יחד עם משרד ה חוץ', 'מפעילים תוכנית בינלאומית נרחבת ל שיפור מעמדה ה בינלאומי של ירושלים', 'ו אין ספק ש תהליך העברת ה שגרירויות ה זרות לירושלים הוא צעד חשוב ב ה מאבק על ה מעמד של ירושלים כבירת מדינת ה יהודים ל אורך ה דור']","[0, 0, 0, 1, 0, 0, 0, 0, 0]","[2, 2, 2, 1, 2, 2, 2, 2, 2]"
יובל שטייניץ,הליכוד,"7 במרץ 2018, 21:00","['נפגשתי היום ב יוסטון עם מזכיר ה אנרגיה ה אמריקאי', 'ריק פרי', 'הודיתי ל מזכיר פרי על החלטת נשיא ארהב להעביר את ה שגרירות ל ה ירושלים', 'ו פרי השיב', 'כי מה ש היה צריך לקרות מזמן', 'קורה עכשיו בזכות החלטתו ה אמיצה של ה נשיא טראמפ', 'ה מזכיר פרי הוסיף', 'כי ארהב ו ישראל שותפות', 'ו כי ה נשיא יעמוד ב התחייבויתו', 'ה מזכיר פרי בירך על ה התקדמות ב פיתוח שדות ה גז ה טבעי ב ישראל', 'ו על ייצוא ה גז מ ישראל ל ה מצרים', 'ביקשתי מ עמיתי לעודד חברות אנרגיה מרכזיות ב ה ארהב להשתתף ב ה מכרז ה בא ל חיפושי גז טבעי ו נפט ב ה ישראל', 'ה צפוי לצאת ב מהלך ה קיץ ה קרוב', 'סיכמנו להגביר את ה שתפ ב תחום הגנת ה סייבר ל מתקני אנרגיה', 'ו פרי הודיע ל אני', 'כי ב כוונתו להגיע ל ביקור ב ישראל עוד הש']","[0, 0, 1, 0, 0, 1, 0, 1, 1, 0, 0, 0, 0, 0, 0, 0]","[2, 2, 1, 2, 2, 1, 2, 1, 1, 2, 2, 2, 2, 2, 2, 2]"
בנימין נתניהו,הליכוד,"5 במרץ 2018, 20:58","['ה נשיא טראמפ', 'תודה על ידידותך ה נפלאה', 'חיים צח', 'ל ה ']","[1, 1, 0, 0]","[0, 1, 2, 2]"
עמר בר-לב,העבודה,"22 בינואר 2018, 18:50","['הנה מה ש לא מספרים ל כןם על נאומו ב כ נסת של סגן נשיא ארהב', 'מייקל פנס', 'ה נאום היה טוב ל ה ישראל', 'אבל פחות טוב ל ה קואליציה', 'נאומו של פנס נקטע מדי דקות ספורות על ידי מחיאות כפיים ש ל אנחנו', 'של חברי הכנסת ו ה מוזמנים', 'ו לעתים אף נעמדנו על רגלינו ל אות כבוד ו ה ערכה', 'כל זה נמשך עד ה רגע ב הוא סגן נשיא ארהב אמר תחת ה נשיא טראמפ', 'ארהב נשארת מחויבת לחלוטין להשיג שלום בר קיימא בין ישראל לבין ה פלסטינים', 'אף אחד מ ה קואליציה לא העז לעמוד ו מחיאות ה כפיים מ ספסלי ה קואליציה נחלשו', 'סגן ה נשיא המשיך ו אמר ב החלטתו', 'קרא טראמפ ב מילותיו ל כל ה צדדים לשמור על ה סטטוס קוו ב ה ירושלים', 'כולל ב הר ה בית ו ל רגע נדמה היה ל ה קואליציה ש חל שיבוש קל', 'אולי אפילו בלבול', 'ב נאומו של ה סגן', 'ו רק כאשר הוא המשיך ו אמר ה נשיא טראמפ ה בהיר שוב כי אם שני ה צדדים יסכימו', 'ארהב תתמוך ב ה פתרון שתי ה מדינות דממת מוות השתררה מסביב ל שולחן ה ממשלה ו ב ספסלי ה קואליציה', 'בעוד אנו נעמדים על רגלינו ו מוחאים כפיים', 'מבוכה רבה נרשמה ב ה מליאה כאשר ה אמת ה עירומה של ממשלת ישראל התגלתה ב ה אופן לא מתוכנן', 'אבל כל כך מובהק', 'ב שפת ה גוף של חבריה', 'ל ה ממשלה ה זו אין שום רצון אמתי להניע תהליך מדיני כלשהו', 'למעט המשך ה שקר ה לבן ו ה מוכר', 'ש הצהיב כבר מ תעתועי ה זמן', 'של משא ו מתן לשם משא ו מתן ו תו לא', 'כך ממשיך נתניהו להוביל ב ה כחש את נשיא ארצות ה ברית ו סגנו ו את ישראל סופה של ה ציונות', 'דוברות הכנסת', 'יצחק הר']","[1, 0, 1, 1, 1, 1, 1, 1, 1, 1, 0, 1, 1, 1, 1, 1, 1, 1, 1, 1, 1, 1, 0, 0, 0, 2, 0, 0]","[0, 2, 1, -1, 1, 0, 1, 0, 1, -1, 2, 1, 1, 0, 0, 1, 1, 1, -1, 0, 0, -1, 2, 2, 2, -1, 2, 2]"
צחי הנגבי,הליכוד,"19 בינואר 2018, 10:33","['ל ה מזלנו', 'יש חיים מ חוץ ל ענייני ביטחון', 'מ נהרות ו טראמפ', 'ל ה משל', 'ה עולם ה מופלא של ים ה מלח', 'השבוע ב ועדת ה חינוך', 'ה תרבות ו ה ספורט של הכנסת', 'הצגנו מ יזם יפה ש משרדי מסייע ל הוא', 'ו ב הוא מאות ישראלים', 'ירדנים ו פלשתינים', 'יחד עם אמנים מ רחבי ה עולם', 'משתתפים ב ה שימור מ רחבי ה טבע ש שייכים ל ה כולנו', 'צפו ב ה סרטון ה מקסים', 'ש בת שלום', 'ה משרד ל שיתוף פעולה אזו']","[0, 0, 1, 0, 0, 0, 0, 0, 0, 0, 0, 0, 0, 0, 0]","[2, 2, 0, 2, 2, 2, 2, 2, 2, 2, 2, 2, 2, 2, 2]"
בנימין נתניהו,הליכוד,"21 בדצמבר 2017, 18:47","['ישראל דוחה על ה סף את ה החלטה ה מגוחכת ב ה אום', 'ירושלים היא בירתנו תמיד הייתה', 'תמיד תהיה', 'אבל אני מעריך את ה עובדה ש מספר הולך ו גדל של מדינות סירבו להשתתף ב תיאטרון ה אבסורד ה זה', 'אני מעריך זאת ו אני מבקש להביע שוב את תודתי ל ה נשיא טראמפ ו ל שגרירה היילי', 'על עמידתם ה איתנה בעד ישראל ו בעד ה א']","[0, 0, 0, 0, 1, 1]","[2, 2, 2, 2, 1, 1]"
בנימין נתניהו,הליכוד,"21 בדצמבר 2017, 10:22","['מדינת ישראל דוחה על ה סף את החלטת ה אום', 'עוד לפני ש התקבלה', 'ירושלים היא בירתנו ו נמשיך ל ה בנות ב היא', 'תודה ל נשיא טראמפ ו ל שגרירה היילי על ה התייצבות ה אמיצה של הם עם ישראל ו עם ה אמת', 'סופה של ה אמת לנצח', 'ו ידאו', 'רועי אברהם', 'ל ה עמ', 'בן פרץ', 'ל ה ']","[0, 0, 0, 1, 0, 0, 0, 0, 0, 0]","[2, 2, 2, 1, 2, 2, 2, 2, 2, 2]"
איימן עודה,"חד""ש-תע""ל","15 בדצמבר 2017, 15:03","['קולם של ה אלפים ב ה סכנין הוא רק חלק מקולם של מאות מיליונים ש יצאו ל ה רחובות ב כל רחבי ה עולם', 'טראמפ יחלוף', 'ו אל קודס תישאר מושרשת ו איתנה ב ה אנשיה ש מתעקשים להשיג את חירו']","[0, 1, 0]","[2, -1, 2]"
בנימין נתניהו,הליכוד,"11 ביולי 2019, 16:11","['שוחחתי עם נשיא ארהב דונלד טראמפ', 'דנו ב ה התפתחויות ה אזוריות ו ב סוגיות ביטחוניות ו ב ה ראשן איראן', 'הודיתי ל נשיא טראמפ על כוונתו להגביר את ה סנקציות נגד איר']","[1, 1, 1]","[0, 0, 1]"
יואב קיש,הליכוד,"25 ביוני 2019, 14:18","['היום מתקיימת ועידת ה יועצים ל ה ביטחון ל אומי של ארהב', 'רוסיה ו ישראל', 'זו ה פעם ה ראשונה ב היא ראשי ה מעצמות ה גדולות ב ה עולם שולחים את יועציהם ה בכירים ביותר ל ביטחון לאומי ל ה בירתנו', 'ה ארוע מעיד על מערכת ה יחסים ה אינטימית ו ה קרובה של רהמ נתניהו עם נשיא ארהב טראמפ ו נשיא רוסיה פוטין', 'נכס אסטרטגי ל מדינת ישראל', 'ב נימין נתניהו', 'דבריי ב ה ערוץ ה כנ']","[0, 0, 0, 1, 1, 2, 0]","[2, 2, 2, 1, 1, 0, 2]"
ישראל כץ,הליכוד,"14 ביוני 2019, 16:22","['ביקור ראשון כ ה שר חוץ ב ה ארהב', 'ב ה פגישה עם גייסון גרינבלט', 'נציגו ה מיוחד של נשיא ארהב דונלד טראמפ', 'ש מארח את אני ב ביתו', 'דנו ב איומי איראן', 'ב ה מצב ב ה עזה', 'ב ועידת בחריין ו ב ה מהלכים ש מובילה ארהב ב ה אזור', 'ו ב שיתוף ה פעולה בין ה מדינות', 'יחסי ארהב ו ישראל חזקים מ אי פ']","[0, 0, 1, 0, 0, 0, 0, 0, 1]","[2, 2, 0, 2, 2, 2, 2, 2, 0]"
ישראל כץ,הליכוד,"30 באפריל 2019, 06:51","['כאן תקום תחנת הרכבת ה כותל הר ה בית עש דונלד טראמפ נשיא ארהב', 'ש עשה הסטוריה ו הכיר ב ירושלים כ בירת ישראל', 'ב יום ה עצמאות ה קרוב נכריז רשמית על שם ה תחנה', 'מנהרת ה רכבת ה מהירה ל ירושלים תימשך מ תחנת נבון עד ל פאתי ה עיר ה עתיקה ו שם תוקם ה תח']","[1, 1, 0, 0]","[0, 1, 2, 2]"
מרדכי יוגב,איחוד מפלגות הימין,"25 במרץ 2019, 05:34","['לא חקירות', 'לא צוללות', 'ו אפילו לא תכנית טראמפ', 'ל מי ש שכח', 'מערכת ה בחירות ה זו החלה בגלל עזה', 'כל עוד נתעלם מ שגרת ה בלונים', 'ה התפרעויות ו ה מרגמות ב ה עוטף', 'כך נמצא את הם רודפים את אנחנו ו הופכים את כל ישראל לעוטף עזה', 'רגע לפני ש ה שמאל מוציא ל ה דרך התנתקות 2', 'כדאי לבחון את תוצאות ה התנתקות ה קוד']","[0, 0, 1, 0, 0, 0, 0, 0, 0, 0]","[2, 2, 0, 2, 2, 2, 2, 2, 2, 2]"
בנימין נתניהו,הליכוד,"6 בינואר 2019, 19:14","['נפגשתי הערב עם ה יועץ ל ה ביטחון ל אומי של ארהב', 'ידידי גון ב ה ולטון', 'הודיתי ל הוא ו ל ממשל טראמפ על ה תמיכה ה אדירה ב ה ישראל', 'מחר נבקר יחד ב רמת ה גולן ש חשובה מאוד ל ביטחוננו', 'לעולם לא ניסוג מ רמת הגולן ו חשוב ש כל ה מדינות יכירו ב ריבונותה של ישראל ב רמת ה גו']","[0, 0, 1, 1, 0]","[2, 2, 1, 0, 2]"
בנימין נתניהו,הליכוד,"15 בנובמבר 2018, 12:26","['פגישה חשובה עם ה שליח ה מיוחד של ארהב ל ענייני איראן', 'ב ה ריאן ה וק', 'קידמנו נושאים חשובים ו בירכתי את ה נשיא טראמפ ו את הוא על הטלת ה סנקציות ה קשות על איראן ה צעד ה משמעותי ביותר מול ה כוח ה תוקפני ביותר ב ה אזור', 'עמוס בן גרשום', 'ל ה ']","[0, 0, 1, 0, 0]","[2, 2, 1, 2, 2]"
בנימין נתניהו,הליכוד,"3 בנובמבר 2018, 17:06","['שנים ש אני קורא ל חידוש ה סנקציות ב מלואן נגד משטר ה טרור ה רצחני ב איראן ש מסכן את ה עולם כולו', 'ה אפקט של ה סנקציות ה ראשוניות כבר מורגש ה ריאל ב ה שפל', 'כלכלת איראן ב שפל ואנחנו רואים את ה תוצאות כבר ב ה שטח', 'תודה ל אתה ה נשיא טראמפ על ה מהלך ה היסטורי', 'ה סנקציות אכן מגיע']","[0, 0, 0, 1, 1]","[2, 2, 2, 1, 0]"
עמר בר-לב,העבודה,"15 באוקטובר 2018, 18:24","['ש נותן ל אנחנו את ה תחושה ש פוטין אצלו ב יד ימין ו טראמפ ב ה יד ש מ אל', 'זה את הוא ביבי ש התחנן ב ה פני נשיא מצרים', 'ש יבקש מאבו מ אזן', 'ש נגיע ל ה איזו ש היא ה סדרה', 'לא ל ה הסכם', 'חס ו חלילה', 'ו לא ל ה הסדר רק הסדרה', 'בשביל לשנות את ה מציאות צריך מנהיגות', 'צריך מנהיג ש יודע להוביל מהלכים ל טובת ה אינטרס ה ישראלי', 'ו לא מנהיג ש מתחנן ש יעשו ל אנחנו טוב']","[1, 2, 0, 0, 0, 0, 0, 0, 0, 0]","[0, -1, 2, 2, 2, 2, 2, 2, 2, 2]"
יאיר לפיד,כחול לבן,"20 ביוני 2018, 06:31","['לפני שנתיים הובלתי הפגנה יחד עם מאות אנשים מול מועצת זכויות ה טרוריסטים של ה אום ש הפכה ל ה מוסד אנטישמי ו מוקד ל שנאת יהודים', 'נפגשתי אז גם עם שגריר ארהב ל ה מועצה כדי לקרוא ל פרישה מיידית של ארהב מ ה מוסד ה מקולקל ה זה', 'אני מברך הבוקר את ה נשיא טראמפ על ה עמידה לצד ישראל', 'ו מחזק את מילותיה של ה שגרירה ניקי היילי', 'ה התמקדות ה בלתי פרופורציונלית ו ה עוינות ה בלתי נגמרת של ה מועצה כלפי ישראל מהווים הוכחה חותכת ל כך ש היא פועלת מ מניע פוליטי ו לא מתוך ה גנה על זכויות א']","[0, 0, 1, 0, 0]","[2, 2, 1, 2, 2]"
יולי - יואל אדלשטיין,הליכוד,"12 ביוני 2018, 09:25","['תהליך מדהים מתחיל היום ב ה עולם', 'ו ה לוואי ש יגיע גם אל אנחנו', 'ל ה איומים ב נשק גרעיני מ איראן או קוריאה ה צפונית אין מקום ב ה עולם ה מערבי', 'נפגשתי כעת עם שגריר קוריאה ה דרומית ב ה ישראל', 'הבעתי ב פניו תקווה ש ה הסכמות ש נחתמו היום בין קוריאה ה צפונית ל ארצות ה ברית יובילו ל ה שקט ה מיוחל ב חצי ה אי ה קוריאני ו ב ה עולם כולו', 'לישראל ו קוריאה ה דרומית הרבה ב משותף', 'שתיהן מדינות מתפתחות ו חדשניות ש מאוימות ב נשק גרעיני', 'כל אחת מ כיוון אחר', 'אני מקווה ש ה תהליך ש מתחיל היום ה נשיא טראמפ יצלח ו יגיע גם ל ה מזרח ה תיכ']","[0, 0, 0, 0, 1, 0, 0, 0, 1]","[2, 2, 2, 2, 1, 2, 2, 2, 1]"
בנימין נתניהו,הליכוד,"23 בדצמבר 2017, 16:27","['אמרתי ב ה ראיון ל', 'החלטתו של ה נשיא טראמפ מכירה ב אמת היסטורית ירושלים היא בירת ישראל כבר 3', '000 שנה', 'מ אז ימי דוד ה מלך', 'אנו מדברים כעת עם מדינות נוספות ש שוקלות ב ה רצינות לומר בדיוק את מה ש אמרה ארהב ו להעביר את שגרירויותיהן ל ירושל']","[0, 1, 0, 0, 1]","[2, 1, 2, 2, 1]"
יואב קיש,הליכוד,"18 בדצמבר 2017, 07:30","['מ משל אובאמה יצר נזק עצום ל ארהב ו בעלות בריתה בשל מדיניות חוץ מנותקת ו שגויה', 'היום מפורסם כי אובאמה השתיק מהלך ל עצירת חזבאללה ו שליחיו מ להבריח סמים ל ארהב רק כדי ש זה לא יפגע ב הסכם ה גרעין ה גרוע ש אל הוא הגיע עם מדינת ה טרור איראן', 'צדק נתניהו ב עמידתו ה נחושה כנגד מדיניות ה חוץ של אובמה', 'ב משמרת של טראמפ חייבים לת']","[0, 0, 2, 1]","[2, 2, 1, 0]"
בנימין נתניהו,הליכוד,"7 בדצמבר 2017, 10:06","['כולנו התרגשנו לשמוע את ה הצהרה ה היסטורית של ה נשיא טראמפ על ה הכרה ב ה ירושלים כ בירת ישראל', 'אנו כבר נמצאים ב ה מגעים עם מדינות אחרות ש יכירו הכרה דומה', 'אין ל אני ספק ש יהיה מעבר של שגרירויות רבות ל ה ירושלים', 'הגיע ה זמן', 'רועי אברהם', 'ל ה עמ', 'בן פרץ', 'ל ה ']","[1, 0, 0, 0, 0, 0, 0, 0]","[1, 2, 2, 2, 2, 2, 2, 2]"
זאב אלקין,הליכוד,"6 בדצמבר 2017, 20:15","['אני מברך את ה נשיא טראמפ על ה זכות ה גדולה ש היתה ל הוא ב פרסום הודעה היסטורית על הכרה אמריקאית ב ירושלים כ בירת ישראל ו על ה הנחיה להיערך ל העברת ה שגרירות ה אמריקאית ל ה ירושלים', 'ב ה הודעה זו', 'דווקא ב שנת ה יובל ל ה איחוד ירושלים', 'הפך ה נשיא ה אמריקאי ל שותף פעיל ב ה מהלך ה היסטורי של חזרת עם ישראל ל ה ציון', 'אנחנו כ משרד ירושלים נשמח לסייע ב כל דרך אפשרית ל מחלקת ה מדינה לקדם את ה מעבר ה זה מהר כ כל האפ']","[1, 0, 0, 1, 0]","[1, 2, 2, 1, 2]"
איילת שקד,הימין החדש,"27 באוגוסט 2019, 12:00","['תכנית טראמפ עלולה להיות מגש ה כסף ל כניסת גנץ ו עמיר פרץ ל ה ממשלה', 'ימינה חזקה היא ה דרך ה יחידה ל הקמת ממשלת ימין', 'צפו ו ש']","[1, 0, 0]","[-1, 2, 2]"
בנימין נתניהו,הליכוד,"16 ביוני 2019, 19:04","['נשיא ארהב דונלד טראמפ מתייחס ל הקמת ה יישוב רמת טראמפ ב ה גולן', 'תודה ל אתה ראש ה ממשלה נתניהו ו תודה ל מדינת ישראל על ה כבוד ה ג']","[1, 1]","[0, 1]"
מירי רגב,הליכוד,"15 ביוני 2019, 17:43","['מחר נקיים ישיבת ממשלה חגיגית ב רמת הגולן ו נעביר ב היא החלטה רשמית על ה קמה של יישוב חדש שם על שמו של ה נשיא טראמפ', 'כאות תודה על ה מהלך ה גדול ש עשה נשיא ארהב ב ה הכרה ה אמריקאית ה מלאה ב ה ריבונות ה ישראלית ב רמת ה גולן', 'ב מה לא הפחידו את אנחנו ש עלול לקרות כ תוצאה מ ה מהלך ה זה', 'כמעט ב ה הכול', 'ב ה פועל', 'שום דבר מ זה לא קרה ו ה שמיים לא נפלו', 'ה הכרה היא בגדר עובדה מוגמרת ו כך גם ה יישוב ש עומד ל ה היות מוקם', 'כמו ש אתם רואים', 'ה שלט כבר מוכן', 'שבוע טוב ו בשורות טו']","[1, 1, 1, 0, 0, 0, 0, 0, 0, 0]","[1, 1, 0, 2, 2, 2, 2, 2, 2, 2]"
בנימין נתניהו,הליכוד,"7 באפריל 2019, 10:17","['צפו ב ה קטע מתוך תוכנית ה חדשות ה נצפית ביותר ב ארהב', 'יועצו ה קרוב של נשיא ארהב דונלד טראמפ', 'רודי גוליאני', 'תוקף את גנץ על כך ש תקף את ה נשיא טראמפ על ש הכיר ב ריבונות ישראל ב רמת ה ג']","[0, 1, 0, 1]","[2, 0, 2, 1]"
יולי - יואל אדלשטיין,הליכוד,"21 במרץ 2019, 17:11","['ל ה יהודים הייתה אורה ו שמחה ו ששון ו יקר', '38 שנים אחרי ש ה כנסת חוקקה את ה חוק ל החלת ה ריבונות ה ישראלית ב ה גולן', 'ו אחרי מאמצים גדולים ב ה זירה ה בינלאומית', 'הגיע ה זמן ל הכרה אמריקנית', 'ה נשיא טראמפ ת']","[1, 1, 1, 1, 1]","[1, 0, 0, 1, 0]"
בנימין נתניהו,הליכוד,"16 ביולי 2018, 17:16","['אני מברך על ה דברים ש שמעתי ב מסיבת ה עיתונאים של ה נשיא טראמפ ו ה נשיא פוטין', 'אני מאוד מעריך את ה מחוייבות ה עמוקה ל ביטחון ישראל ש ה נשיא טראמפ ביטא ב מסיבת ה עיתונאים ו אני יכול לומר ש ה ברית בין ישראל ל ארהב מעולם לא הייתה איתנה יותר', 'אני מעריך מאוד גם את ה דברים ש אמר ה נשיא פוטין על ה צורך לכבד את הסכמי ה הפרדה בין סוריה ל ישראל מ 1974', 'כמו ש אני מעריך את ה תיאום ה ביטחוני בין ה צבאות של רוסיה ו ישראל', 'על כל ה נושאים הללו דיברתי ב פירוט רב גם עם ה נשיא טראמפ ו גם עם ה נשיא פוטין ב ה ימים ה אחרונים', 'אלה דברים חשובים מאוד ל ביטחון ה מדינה ש ']","[1, 1, 0, 0, 1, 1]","[1, 1, 2, 2, 0, 1]"
אילן גילאון,מרצ,"2 ביולי 2018, 15:44","['מדיניות ניהול ה סכסוך של ממשלת נתניהו נכשלה לחלוטין', 'ה סכסוך לא מנוהל ו הוא מתפוצץ ל אנחנו בפנים שוב ו שוב', 'תושבי עוטף עזה מרגישים כל יום מה שווה את הוא ניהול', 'יציאה ל מופע ראווה ב עזה כל ארבע שנים איננו ניהול מוצלח במיוחד', 'אבל אני חושש ש זאת בדיוק ה מטרה', 'נתניהו מרוויח מ המשך ה סכסוך ו כך מתחזק את ה משך ש ל טונו', 'מדיניות ה הפחדה ו ה שיסוי הם ה דלק של ממשלתו', 'אבל גם הוא יודע ו גם הצהיר על כך ב עבר', 'ה פתרון ה יחיד הוא פתרון של פשרה ו חלוקה', 'פתרון שתי ה מדינות ל שני ה עמים', 'עד אשר ה פלסטינים לא יחוו את חוויית ה שחרור ה לאומי ה לאומי של הם כפי ש אנו חווינו את הוא', 'לא יהיה כאן פתרון', 'אני לא סומך ו לא מעוניין ב גחמותיהם של מנהיגי ה עולם ב עת ה זאת', 'לא על פוטין ה אכזר ו ה אינסטרומנטלי ו לא על טראמפ ה אוויל ו ה מופרע', 'אנחנו צריכים לחתור ברצינות ל ה פתרון', 'פתרון ה גון ה מבוסס על פשרת שתי ה מדינות', 'אני חולם ו אופטימי כי אני פטריוט', 'כי אני ציוני', 'כי אני מגדל פה נכדים ו דואג ל עתידם ב ה מקום ה']","[2, 0, 0, 0, 0, 2, 0, 2, 0, 0, 0, 0, 0, 1, 0, 0, 0, 0, 0]","[-1, 2, 2, 2, 2, -1, 2, 0, 2, 2, 2, 2, 2, -1, 2, 2, 2, 2, 2]"
שלי יחימוביץ,העבודה,"12 ביוני 2018, 07:24","['הי זאת של אני', 'אני לא מאמינה ש אני כותבת את את זה', 'מצדיעה ל ה נשיא ארהב דונלד טראמפ', 'נכון ש עדיין אי אפשר לדעת איך יסתיים', 'זהו רגע ש הוא לא פחות מ מדהים ו מפעים ב ה קנה מ דה הסטורי', 'שני ה אויבים ה מרים ה אלה ממוטטים חומות של עידן שלם', 'על הרבה פחות מ זה אובאמה', 'ש אני מאוד אוהבת כמו ש אתם יודעים', 'קיבל פרס נובל', 'כמו ש זה נראה כרגע', 'ה הישג של טראמפ הוא לא יאמן', 'התחייבות של קים ל ה התפרקות מוחלטת מנשק גרעיני', 'ה מלים ש לום עולמי נראות ל רגע פחות דמיוניות מתמיד', 'ל ה ימין של טראמפ כואבת ה בטן מ ה תמונה ה זאת', 'ה שמאל מונה את פשעי זכויות ה אדם של קים', 'אבל כולנו יודעים ש אלה היו ממררים את חייו של אובאמה לו היה עושה צעד דומה', 'ו אלה היו מריעים ל אובאמה על את הוא צעד ב ה דיוק', 'היום מותר לשים את ה תגובות ה אוטומטיות ב ה צד', 'ב סוף מנהיגים נבחנים ב רגעים היסטוריים כ ה אלה', 'ש הם כה בלתי אפשריים ו כה שנויים ב מחלוקת', 'ב ה קרוב אצל אנחנ']","[0, 0, 1, 0, 1, 1, 0, 0, 0, 0, 1, 0, 0, 1, 0, 0, 0, 0, 0, 0, 0]","[2, 2, 1, 2, 1, 0, 2, 2, 2, 2, 1, 2, 2, 1, 2, 2, 2, 2, 2, 2, 2]"
חיים כץ,הליכוד,"14 במאי 2018, 16:39","['ירושלים בירתנו ה נצחית מ אז ו לתמיד', 'תודה ל ה נשיא טראמפ ש הכיר היום הלכה למעשה ב עובדות ה היסטוריות', 'קובי גדעון', 'טקס חניכת ה שגרירות ה חדשה של ארהב ב ירוש']","[0, 1, 0, 1]","[2, 1, 2, 0]"
גילה גמליאל,הליכוד,"10 במאי 2018, 15:18","['ה נשיא טראמפ', 'ה כורש ו ה בלפור של דורנו', 'ה נשיא טראמפ', 'שמוכיח כל פעם מחדש ש הוא ה ידיד ה גדול ביותר שקם אי פעם ל מדינת ישראל ו ל ה עם ה יהודי', 'חתם ה יום על ה חוק ה מחייב את מחלקת ה מדינה ה אמריקאית לדווח מידי שנה ל ה קונגרס על ה פעולות ש נקטו מדינות אירופה ל השבת ה רכוש ה יהודי ה גזול מ תקופת ה שואה', 'מדובר ב החלטה משמעותית מאוד', 'כי ב ה פעם ה ראשונה סוגיית השבת ה רכוש ה יהודי הופכת ל מרכיב קבוע ב מדיניות ה חוץ של ארצות ה ברית ב אירופה', 'אני קיווה את היא', 'ש מדיניות ה דיווח ה חדשה של ארהב תדרבן את מדינות אירופה ליישם הלכה ל ה מעשה את חוק השבת ה רכוש ש הן בעצם הן חוקקו ו לפעול ל השבת ה רכוש ה יהודי ל ניצולי ה שואה ו ל יורשיהם ה מגיע ל הם ב ה דין', 'קרדיט תמונה', 'דף ה פייסבוק של ה נשיא טראמפ', 'ה קרן לרווחה ל נפגעי ה שואה ב ה יש']","[1, 1, 1, 1, 1, 1, 1, 0, 1, 0, 1, 0]","[0, 1, 0, 1, 1, 1, 1, 2, 1, 2, 0, 2]"
אופיר אקוניס,הליכוד,"30 באפריל 2018, 09:05","['ישראל אוהבת את נשיא ארהב', 'דונאלד טראמפ', 'תודה ל אתה', 'מתוך ראיון של אני ב ה מהדורה ה מרכזית של ערוץ']","[1, 1, 1, 0]","[1, 1, 1, 2]"
עודד פורר,ישראל ביתנו,"22 בינואר 2018, 12:59","['לאחר ביקור ה נשיא טראמפ', 'ש נמנע מ לנאום ב כ נסת מ חשש ל ה פרובוקציה', 'פניתי ל ועדת ה כנסת ל שינוי תקנון ש יאפשר שלילת שכר מ חכים מתפרעים כ ה דוגמת ה ביזיון ש ביזו ה חכים ה ערבים היום את הכנסת', 'לא קיבלו אז את הצעתי', 'ל הוא היתה מתקבלת אני בטוח ש ה חכים ה ערבים לא היו מעיזים להתפרע', 'הם גיבורים ב מחאות נגד ישראל אבל נהנים ל קבל מ מדינת ישראל מש כורת', 'היום אחדש את פנייתי ל וועדת ה כנסת כדי ש ניתן יהיה לשלול שכר מ חבורת תומכי ה טרור ש יושבת ב ה כנסת יש']","[1, 1, 0, 0, 0, 0, 0]","[0, 0, 2, 2, 2, 2, 2]"
זאב אלקין,הליכוד,"11 בדצמבר 2017, 09:35","['לאחר הכרזת טראמפ', 'נפגשתי עם משלחת ראשי פרלמנטרים מ אפריקה ו לקחתי את הם ל מגדל דוד כי כאן ה כל התחיל', 'ה מקום ה זה מוזכר ב תנך כ ה מקום ש מאחד את ה יהודים', 'זה ה מקום ש יאחד את ה אנושות כולה ו זה ה מקום מן אנחנו יכולים לצמוח שיתופי פעולה רבים', 'קראתי ל יושבי ה ראש לנצל את ה הצהרה ה היסטורית של ה נשיא טראמפ ו להעביר את ה שגרירויות של הם ל ירושלים ו אני מקווה ש יעשו']","[1, 0, 0, 0, 1]","[0, 2, 2, 2, 1]"
אופיר אקוניס,הליכוד,"6 בדצמבר 2017, 18:59","['יום חג ל ה ישראל', 'תודה ל אתה', 'ה נשיא טראמפ', 'אתה חבר אמת של ה עם ה יה']","[1, 1, 1, 1]","[1, 1, 1, 1]"
מיכל רוזין,מרצ,"15 באוגוסט 2019, 12:04","['נתניהו פחדן', 'הוא מפחד לא ליישם את ה הוראות ה הזויות של טראמפ ש לא להכניס את ראשידה ועומאר ל ישראל', 'ו הוא בעיקר מפחד ש כך גורם מבחוץ ייחשף ל מציאות ה כיבוש ה ישראלית', 'ש יהיה ברור', 'מניעת כניסה של חברות קונגרס של ה מדינה ה קרובה ביותר ל ישראל רק עקב דעותיהן ה פוליטיות היא צעד הרסני ל מערכת ה יחסים עם ה דמוקרטים ב ה ארהב', 'נתניהו קונה שקט זמני מ ה בית ה לבן', 'ב ה מחיר של בומרנג מדיני ב ה טווח ה א']","[2, 1, 2, 0, 2, 2, 2]","[-1, -1, -1, 2, -1, -1, -1]"
אילן גילאון,מרצ,"23 בפברואר 2019, 12:48","['הגענו היום ל אירוע שבת פיליפינית נגד ה גירוש כדי להגיד לא ל ה גירוש של ילדים ש נולדו פה', 'ש התחנכו פה', 'ש זה כל מה ש הם מכירים', 'ישראל חייבת להכיר ב ילדים הללו כ ישראלים שווי זכויות', 'אם בארהב של טראמפ ה גזען מכירים ב כל אדם ש נולד ב ה מדינה כ אזרח', 'כ ה עם ש נרדף במשך אלפי שנים', 'מן ה ראוי ש כך גם אנחנו נפעל ו נהיה קצת יותר נדיבים', 'אנחנו כ מרצ', 'נעשה כל ש ב יכולתנו על מנת לעצור את ה חלטה ה אלימה ו ה אטומה ה זו של משרד ה פ']","[0, 0, 0, 0, 1, 0, 0, 0, 0]","[2, 2, 2, 2, -1, 2, 2, 2, 2]"
צחי הנגבי,הליכוד,"22 באוגוסט 2018, 10:07","['אין סיבה ל ה דאגה מ דברי ה נשיא טראמפ ב דבר ה מחיר ה גבוה ש נשלם ב עסקת ה מאה ב תמורה ל הכרת ארהב ב ירושלים כ בירת ישראל', 'ה עקרונות ה מהותיים ש הציב ראש ה ממשלה נתניהו מקובלים על ה ממשל ה אמריקאי', 'אם ה פלשתינים ישובו ל ה שולחן ה משא ו מתן ש את הוא נטשו ב אפריל 2014', 'נדע לעמוד על משמר ה אינטרסים ש לנו ו להדוף כל תכתיב או לחץ', 'רוב מוחלט ב ציבור תומך ב ה גישה ה מדינית של ה ליכוד ו עומד על כך ש ב כל ה סדר ב ה עתיד רק ישראל תהיה אחראית ל ה ביטחון ב כל חבלי יהודה ו שומרון', 'ש ירושלים תהיה לעד בירתנו ה מאוחדת', 'ו ש ה דרישה ל שיבת פליטים ל ישראל תידחה על ה']","[1, 2, 0, 0, 2, 0, 0]","[1, 1, 2, 2, 0, 2, 2]"
יולי - יואל אדלשטיין,הליכוד,"8 במאי 2018, 20:13","['פרישתו של טראמפ מ ה הסכם היא הוכחה נוספת ל כך ש ה אירנים מעולם לא זנחו את תוכניתם ל השגת נשק ל השמדה המונית', 'על כל ה מדינות ה שותפות ל הסכם להבין זאת ו לפרוש מיידית', 'אני גם מברך על הטלת ה סנקציות ה קשות', 'כי רק הן יביאו ל מכה ניצחת ו חניקת תוכנית ה גרעין ו ה שלטון ה איר']","[1, 0, 1, 1]","[0, 2, 1, 1]"
עמיר פרץ,העבודה,"12 בפברואר 2018, 18:31",['נתניהו כנראה מאבד את יכולת ה תפקוד ה מינימלית אם הוא מצליח להיכנס ל ה עימות גם עם ה נשיא טראמפ סביב ה רעיון חסר ה אחריות ו ה היגיון לספח את ה שט'],[2],[-1]
איימן עודה,"חד""ש-תע""ל","22 בינואר 2018, 14:12","['עכשיו מ הכנסת', 'הבענו את עמדתנו ה ייחודית כ ה כוח ה שלישי ב גודלו ב כ ה נסת', 'כל ה עולם מבין ש גם ב ה תוך ה כנסת ישנו כוח משמעותי ה מתנגד נחרצות ל הצהרת טראמפ ו ל מדיניותה של א']","[0, 0, 1]","[2, 2, -1]"
יואב קיש,הליכוד,"21 בדצמבר 2017, 08:50","['רק לפני שנה ו חצי ה יינו ב מקום אחר', 'ש ב כל הזדמנות טרח לתקוע את מדינת ישראל ו להפקירה מול כל ה עולם', 'לעומת טראמפ ש תומך ב כל הזדמנות ב מדינת ישראל ו ב ה עם ה יהודי', 'היום אחר ה צהריים אומות ה עולם ינסו לקעקע את החלטתו של ה נשיא טראמפ להכיר ב ה ירושלים כ ה בירתנו ה נצחית', 'ה נשיא טראמפ ידיד אמיתי של מדינת ישראל עושה הכל על מנת שלערעור על ה החלטה של הוא לא תהיה שום משמעות', 'טוב ש יש ל אנחנו כ ה זה ידיד ']","[0, 0, 1, 1, 1, 1]","[2, 2, 1, 1, 1, 1]"
ישראל כץ,הליכוד,"8 בדצמבר 2017, 10:37","['ה נשיא טראמפ', 'כל ה נשיאים הבטיחו ו אני קיימתי', 'ו אתמול ב ה טקס ל כבוד חג ה חנוכה ש נערך ב בית ה לבן הוסיף', 'חושב על ה עם ה יהודי ו על כל ה אהבה ב ישראל ל ה ירושלים', 'ידיד אמיתי', 'ש בת ש']","[1, 1, 1, 1, 1, 0]","[0, 1, 0, 1, 1, 2]"
יאיר לפיד,כחול לבן,"6 בדצמבר 2017, 19:05","['נאום היסטורי של ה נשיא טראמפ', 'ירושלים ה מאוחדת היא בירת ה עם ה יהודי כבר אלפי שנים', 'ירושלים היא ה מקום על הוא חלמנו ו התפללנו ו לעולם לא נעזוב את היא עוד', 'אני קורא ל כל מדינות ה עולם ללכת ב ה עקבות ארהב ו להכיר ב ירושלים כ בירת ישראל', 'על איומי ה פלשתינים ו תומכיהם אנחנו אומרים לעולם מ מתי איומי אלימות קובעים מדיניות', 'מי ש נכנע ל אלימות רק מעודד את ה טרור', 'אנו מצפים לקבל ב ה ברכה את שגרירות ארהב בירושלים ב הקדם ה אפשרי', 'אדר יה']","[1, 0, 0, 1, 0, 0, 1, 0]","[1, 2, 2, 1, 2, 2, 1, 2]"
משה יעלון,כחול לבן,"2 בספטמבר 2019, 12:35","['אין סיבה ביטחונית ל ה וויתור על מדיניות ה עמימות', 'לקיחת אחריות משמעותה לתקוע אצבע ב ה עין ל ה אויב ו להניע את הוא ל ה תגובה', 'אין שום רווח ביטחוני ב כך', 'אלא רווח פוליטי של נתניהו', 'שמנסה למלט את עצמו מ ספסל ה נאשמים', 'ל ה נוכח הסתבכויותיו', 'אזרחי ישראל צמאים ל ה שינוי', 'צמאים ל ה ממשלה ש אכפת ל היא מהם', 'ש לא מרמה את הם', 'ש לא תוקפת עיתונאים', 'שופטים ו משרתי ציבור', 'לכן אנחנו בכחול לבן התאחדנו', 'כדי להחזיר את ישראל ל ה מס']","[0, 0, 0, 2, 2, 2, 2, 2, 2, 2, 2, 0, 0]","[2, 2, 2, -1, -1, -1, -1, -1, -1, -1, 0, 2, 2]"
אופיר אקוניס,הליכוד,"1 בספטמבר 2019, 16:59","['בושה ו חרפה', 'זה ה איש ש אם', 'חס ו חלילה', 'ה שמאל ישיג 61 מושבים ב ה כנסת ה באה יהיה ראש ה ממשלה של אתם ב עוד פחות מ שנתיים', 'אבל זה תלוי אך ו רק ב אתם', 'אם לא תלכו ב ה המוניכם להצביע מחל', 'ב ראשות בנימין נתניהו ב 179 זה בדיוק מה ש יקרה', 'זאת ב']","[0, 0, 0, 0, 0, 2, 2, 0]","[2, 2, 2, 2, 2, 1, 0, 2]"
אילן גילאון,מרצ,"6 בדצמבר 2017, 15:31","['צעדים חד צדדיים מחסלים את ה סיכוי ל תהליך מדיני', 'ירושלים היא בירת ישראל עם טראמפ או בלעדי הוא', 'אבל היא גם עיר ה בירה של ה מדינה ה פלסטינית ה עתידית', 'ה זהות ה היסטורית ש ל אנחנו לא צריכה להיות תלויה בידי טראמפ', 'כל החלטה ב ה נושא ה נפיץ ו ה מהותי ה זה צריכה להתקבל ב הידברות ישירה עם אבו מאזן ו ב מסגרת הסדר מ דיני כולל ו לא ב צורה חד צדדית ו חסרת ראייה מקיפה', 'אוי ל אנחנו אם אנחנו צריכים לבסס את ה עתיד ה ציוני ש לנו על טראמפ משענת ה קנה ה רצוץ ש מדיניות ה חוץ של הוא הובילה לידי כך ש ה איראנים יושבים על ה גדרות ש ל אנחנו', 'לא ל חינם הלך ה זרזיר אצל ה עורב', 'ביבי וטראמפ הם שני מנהיגים כושלים תחת חקירה ש מסכנים את מדינותיהם כדי לשמר את ש ל טונם', 'כל אחד מרים ל הנחתה ל ה רעהו ו כך הם ממקשים ב את היא הזדמנות את ה עתיד ש לנו כאן ב ה מזרח ה תיכון', 'שתפו ו ביחד נחזיר את ה שפיות']","[0, 1, 0, 1, 1, 1, 0, 1, 1, 0]","[2, 0, 2, 0, -1, -1, 2, -1, -1, 2]"
גלעד ארדן,הליכוד,"6 בדצמבר 2017, 13:20","['חברים יקרים', 'אני נמצא כעת ב ביקור מדיני ב בירת ה איחוד ה אירופי בריסל', 'אבל ה לב של אני נמצא כמו תמיד ב ירושלים', 'כולנו מצפים ל ה הצהרה של ה נשיא טראמפ', 'ירושלים בירתנו ה נצחית מקבלת הכרה רשמית מ ה מעצמה ה גדולה ב ה עולם', 'ו עוד משהו', 'ל כל ה טרוריסטים ש מנסים להלך על אנחנו אימים אני מוסר מ כאן לא תפחידו את אנחנו', 'צפו ו שתפו את דברי לפני נאומי בפרמנט ה אירופי']","[0, 0, 0, 1, 1, 0, 0, 0]","[2, 2, 2, 1, 1, 2, 2, 2]"
מיקי לוי,כחול לבן,"6 בדצמבר 2017, 13:09","['ירושלים היתה ו תישאר בירתו של ה עם ה יהודי ו ב ה ירתה של מדינת ישראל לנצח על אפם ו חמתם של כל ה מתנגדים ו ה מאיימים ב אלימות', 'כ מי ש גדל ב ה עיר ה זו', 'ראה את היא מחולקת ו אחר כך מאוחדת ב ריבונותנו ו כ מי ש זכה ל ה היות בין שומרי חומותיה אני מברך ב כל ליבי על ה הכרזה ה צפוייה של ה נשיא טראמפ', 'זהו צעד חשוב ש ייעזור לקבע את מעמדה ה בינל של ירושלים כ בירתה של מדינת ה יהודים ו אין להקל ב הוא ראש', 'כולי תקווה ש מעבר ל ה הצהרה ה חשובה נזכה לראות בקרוב גם את ה שגרירות ה אמריקאית ב ה ירושלים', 'כך נהוג ב כל ה עולם ו כך ראוי ש יהיה גם פה']","[0, 0, 1, 1, 1, 0]","[2, 2, 1, 1, 1, 2]"
איימן עודה,"חד""ש-תע""ל","5 בדצמבר 2017, 19:03","['אינני בטוח אם טראמפ קיבל כבר החלטה או ב איזה צעדים הוא ינקוט', 'אך ב ה דבר אחד אני בטוח יום אחד ילד פלסטיני יניף את דגל פלסטין מעל חומות ירושלים ה עתיקה', 'מעל צריחי ה מסגדים ו מגדלי ה כנסיות', 'כדי ש ה שלום ישכון ב ה ארץ ה שלום']","[1, 0, 0, 0]","[0, 2, 2, 2]"
איילת שקד,הימין החדש,"4 בדצמבר 2017, 06:30","['כמה תובנות מכנס הצדעה ל מוסדות בית אל אתמול בניו יורק', 'ל ה נשיא טראמפ יש הזדמנות הסטורית למלא את הבטחתו ל ציבור בוחריו ו ל ה עם ה יהודי ו להעביר את ה שגרירות ל ה ירושלים', 'זה קונצנזוס בישראל ו אין כאן ימין ו שמאל', 'אמרתי ב ה אירוע', 'באתי לחזק ו יצאתי מחוזקת', 'פגשתי מאות אנשים ש אוהבים את מדינת ישראל ו את ה התיישבות ב ה יהודה ו שומרון ו ב עזרת כצלה', 'ש לא נח ל ה רגע', 'מרגישים מחוברים ל ה ארץ ו תורמים רבות ל פיתוחה', 'ה תקשורת ה ישראלית חיה ב ה בועה', 'לא היה מזיק ל ה עיתונאים ל סקר כ ה זה ארוע', 'להתנער קצת מ ה ציניות', 'לראות מאד יהודים חמים מ כל גווני ה קשת', 'דתיים לאומיים', 'חרדים ו אפילו נציגים של סאטמר מעודדים את ה התיישבות']","[0, 1, 0, 0, 0, 0, 0, 0, 0, 0, 0, 0, 0, 0]","[2, 1, 2, 2, 2, 2, 2, 2, 2, 2, 2, 2, 2, 2]"
עפר שלח,כחול לבן,"29 בנובמבר 2017, 17:00","['קר ב ה מוסקבה', 'ו לא בגלל ה טמפרטורה', 'ב ה רגעים אלו מסתיים ביקור של אני ב מוסקבה כ חלק מ משלחת של חברי ועדת חוץ ו ביטחון', 'שתי מסקנות לא נעימות מ ה פגישות ה חשובות ש קיימנו', 'ה כישלון ה מדיני של נתניהו ב עניין סוריה הוא מוחלט', 'ו מסכן את ישראל ב נוכחות כוחות ש מפעילה איראן על ה גבול ש ל אנחנו ו ב ה עימות ישיר עם טהראן', 'ראש ה ממשלה נפגש עם פוטין ו מתגאה ב ה יחסים את הוא', 'אבל בני ש יחנו ב ה ממשל ו ב ה פרלמנט ה רוסי הבהירו ל אנחנו', 'ה מדיניות ה רוסית לא השתנתה ב ה סנטימטר', 'נתניהו נכשל ב ה וושינגטון', 'שנשארת רחוקה ו מנותקת', 'הוא נכשל ב ה מוסקבה', 'ביבי מספר כמה טראמפ ו פוטין חברים של הוא', 'אבל פעולה עולמית נולדת מ מדיניות', 'לא מלחיצות ידיים', 'ו מדיניות זה מה ש אין ל הוא', 'ב כל פעם ש אני נפגש עם אנשי שירות ה חוץ ה ישראלי', 'ב ה ארץ או ב ה חול', 'אני מתרשם מ ה מסירות ו ה מקצועיות של הם', 'אבל ש יהיה ברור', 'משרד ה חוץ קורס', 'ראש ה ממשלה', 'ש הוא גם שר חוץ ב שעות ה פנאי', 'מפרק את שירות ה חוץ ביודעין ו בכוונה', 'אנשי ה משרד פועלים ב ה תנאי ה רעבה ו זלזול', 'בלי בעל בית ו שר ש איכפת ל הוא', 'יחד עם ה עדר ה מדיניות', 'זו תמונה קרה ו עגומה הרבה יותר מ ה שלג ב ה מוסקבה']","[0, 0, 0, 0, 2, 2, 2, 0, 0, 2, 0, 2, 2, 0, 0, 2, 0, 0, 0, 0, 0, 2, 2, 2, 2, 2, 2, 2]","[2, 2, 2, 2, -1, -1, 0, 2, 2, -1, 2, -1, 0, 2, 2, -1, 2, 2, 2, 2, 2, 0, 0, -1, -1, -1, -1, -1]"
עמיר פרץ,העבודה,"18 בנובמבר 2017, 18:51","['כש אין יוזמה ישראלית', 'ה אמריקאים לוקחים את ה מושכות ו אנחנו עוסקים ב ה ניחושים', 'אין כל צורך ב מסע ה ניחושים סביב פרטי ה מתווה של טראמפ', 'ממשלה ישראלית אחראית היתה מקדמת ב עצמה תכנית ש לום להיפרד ל שתי מדינות', 'בלי קשר ל ה ממשל טראמפ', 'מדובר ב אינטרס ה ביטחוני', 'ה כלכלי ו ה ציוני ש ל אנחנו']","[0, 1, 1, 2, 1, 0, 0]","[2, 0, 0, -1, 0, 2, 2]"
צחי הנגבי,הליכוד,"8 בנובמבר 2017, 17:35","['ב ה ראיון עם אודי סגל ו ל וסי אהריש ב ה ערוץ 13', 'ב מלאת שנה ל בחירת טראמפ ל ה נשיא ארהב', 'ה סברתי ה ערב מדוע ישראל מרוצה מ ה שינוי ב ה מדיניות ה אמריקאית', 'טראמפ מזדהה לחלוטין עם ה עמדה ש לנו ב נושא הסכם ה גרעין עם איראן', 'ו פועל ב תקיפות לשנותו', 'ב ה נושא ה מדיני', 'ביקורו חסר ה תקדים של ה נשיא טראמפ ב ה כותל', 'דבר שאף נשיא אמריקאי מ כהן לא העז לעשות ב ה עבר', 'חיזק מאד את מדיניות ה ממשלה ל ה שמור על ירושלים מאוחדת ב ה ריבונות ישראל']","[0, 1, 1, 1, 1, 0, 1, 1, 1]","[2, 0, 1, 1, 1, 2, 1, 0, 1]"
משה כחלון,כולנו,"23 באוקטובר 2017, 11:28","['נפגשתי אתמול עם גייסון גרינבלט', 'שליחו ה מיוחד של ה נשיא טראמפ ל ה מזרח ה תיכון', 'אני רוצה להודות ל ה ממשל ה אמריקאי על שיתוף ה פעולה ה מעמיק', 'על ה מעורבות ה גדולה ו על ה נכונות לתמוך ו לחזק את ישראל ב ה אתגרים ה עומדים לפני אנחנו']","[0, 1, 1, 1]","[2, 0, 1, 1]"
עמר בר-לב,העבודה,"19 באוקטובר 2017, 15:05","['טראמפ הכיר ב יתרונו של הסכם ה גרעין על פני ביטולו מהלך ש עלול היה להאיץ את דהירתה של איראן אל עבר יכולת גרעינית', 'ה חל מ מחר ב ה בוקר', 'טראמפ למד את מה ש גם ביבי יודע ב תוככו פנימה פוטנציאל ה איום ה גרעיני ה איראני הצטמצם ל משך עשור לפחות', 'לא ל ה נצח', 'לאחר חתימת ה הסכם', 'ל דברי נתניהו', 'אפשר היה להגיע ל הסכם הרבה יותר טוב', 'אז מדוע לא הושג', 'כי ביבי בחר להיאבק ב ה ממשל ה אמריקאי', 'לעקוף את הוא ו לפנות ל ה קונגרס ו נכשל', 'צפו ב ראיון עם דפנה ליאל ו ברק רביד ב תכנית זוג או פרט']","[1, 0, 1, 0, 0, 1, 1, 1, 1, 1, 0]","[1, 2, 1, 2, 2, 0, 0, -1, 0, -1, 2]"
בנימין נתניהו,הליכוד,"15 באוקטובר 2017, 10:53","['תודה ל נשיא טראמפ על החלטתו ה חשובה ב ה עניין איראן הנחתי את משרד ה חוץ לעזוב את אונסקו ה ממשלה תשקיע ב מוזיאון נילי ל הנצחת פעילותה ה חשובה של ה מחתרת ל שחרור ארץ ישראל דבריי ב פתח ישיבת ה ממשלה', 'עומר מ ירון', 'ניר שרף']","[1, 0, 0]","[1, 2, 2]"
איילת שקד,הימין החדש,"12 באוקטובר 2017, 17:42","['ממשל טראמפ ב ה החלטה חשובה', 'כך יעשה ל ה ארגון ש פוגע ב מדינת ישראל ו מתדלק ב החלטותיו ה שקריות ו ה אנטישמיות את ארגון ה', 'פרישת ארהב ה צפויה', 'היא צעד חשוב ב קריעת מסכת ה צביעות מעל פני אונסקו']","[1, 1, 1, 1]","[1, 0, 0, 1]"
יואב קיש,הליכוד,"9 באוקטובר 2017, 12:42","['ה פוך טראמפ', 'מסר של העברת ה שגרירות ל ירושלים יבהיר את ה מציאות ש ירושלים לא תהיה חלק מ משא ו מתן', 'כל דרך אחרת תיכשל']","[1, 1, 1]","[-1, -1, -1]"
זאב אלקין,הליכוד,"9 באוקטובר 2017, 07:10","['כל מי ש רואה את ה הסתה ה בלתי פוסקת ב ה רשות ה פלסטינית', 'את ה סירוב של אבו מאזן להפסיק את תשלומי ה משכורות ל ה מחבלים', 'את בחירתו של מחבל עם דם על ה ידיים ל תפקיד ראש ה עיר ה גדולה ביותר ב ה רשות ה פלסטינית', 'ו לאחרונה גם חיבוקי ה אחווה ו ה פיוס עם מחבלי חמאס', 'מבין ש ה דבר ה אחרון ש ניתן לצפות מ אבו מאזן ו אנשיו זה קידום ה שלום', 'אני מצר מאוד על כך ש ה נשיא טראמפ בחר לעכב את מימוש הבטחת ה בחירות של הוא בגלל אשליה ש עם ה הנהגה ה פלסטינית ה נוכחית ניתן לקדם תהליך שלום אמיתי']","[0, 0, 0, 0, 0, 1]","[2, 2, 2, 2, 2, -1]"
זאב אלקין,הליכוד,"3 באוקטובר 2017, 06:41","['ממשל טראמפ מרגיש ב ה נוח לשנות את ה מחוייבות של ממשל אובמה ל הסכם ה אקלים ו ל עוד דברים רבים', 'אבל משום מה ב ה נושא ש נוגע אל אנחנו', 'הם אוחזים ב את היא תפיסה ש בנייה מעבר ל ה קו ה ירוק היא צעד ישראלי שלילי', 'ידידותיים ככל ש יהיו', 'צריך להסביר ש יש דברים ש הם אינטרס לאומי עליון כמו בנייה ב ה חברון']","[1, 0, 1, 1, 0]","[0, 2, 0, 1, 2]"
בנימין נתניהו,הליכוד,"19 בספטמבר 2017, 15:14","['בלמעלה מ 30 שנות היכרותי עם ה אום', 'לא שמעתי נאום יותר אמיץ ו יותר חד', 'ה נשיא טראמפ אמר את ה אמת על ה סכנות ה אורבות ל ה עולם', 'ו קרא להתייצב מול הן ב ה עוצמה כדי להבטיח את עתיד ה אנושות']","[0, 1, 1, 1]","[2, 1, 1, 1]"
בנימין נתניהו,הליכוד,"18 בספטמבר 2017, 17:02","['ב ה שידור חי', 'פגישתי עם נשיא ארהב', 'ידידי דונלד טראמפ']","[0, 1, 1]","[2, 0, 1]"
תמר זנדברג,מרצ,"7 בספטמבר 2017, 16:25","['כ שדונלד טראמפ קרא ל ה הילרי קלינטון', 'הוא לא האמין ש עשרות אלפי נשים ב רחבי ה עולם יהפכו את ה עלבון ל ה מקור ל ה גאווה', 'לאחרונה הצטרפו אל הן גם חברותיי תמר אברמוביץ', 'רוני זינגר', 'אור אלתרמן ברנע ו איילה מ רומי קינן', 'ש השיקו את ה פרוייקט ה מקסים ש ב מסגרתו משווקת חולצות כמו זו ש אני לובשת כאן ב תמונה', 'ה חולצות מיוצרות ב ישראל ב הליך סחר הוגן ו ה רווחים כולם הם תרומה ל ארגוני נשים', 'לינק ל ה אתר ב ה תגובה ה ראשונה']","[1, 1, 0, 0, 0, 0, 0, 0]","[0, -1, 2, 2, 2, 2, 2, 2]"
יואב קיש,הליכוד,"23 באוגוסט 2017, 10:27","['טראמפ נכשל', 'הוא נכשל בעיקר ב ה מדיניות ה חוץ', 'הוא לא מצליח למלא אחר הבטחותיו ו לא מצליח להשפיע על ה אזור', 'שגרירות ארהב לא הועברה ל ה ירושלים', 'ה הסכם עם איראן לא בוטל', 'ראש ממשלת ישראל נוסע ל רוסיה בשביל ל ה נסות לעצור את התרחבות איראן ב ה אזור', 'נסיונות חסרי סיכוי ל ה מהלך עם הנהגה פלשתינאית מרוסקת', 'כל אלו מעידים ש טראמפ אולי מנסה אך נכשל', 'אנו ב מציאות אזורית חדשה', 'ו על ישראל לבחון מחדש את ה יחסים עם כל ה שחקנים']","[1, 1, 1, 1, 1, 1, 1, 1, 0, 0]","[-1, -1, -1, -1, -1, 0, -1, -1, 2, 2]"
תמר זנדברג,מרצ,"2 ביוני 2017, 07:37","['זו לא בדיחת טוויטר', 'זו סכנה ל כדור ה ארץ כולו', 'הכחשת אקלים היא ה פייק ניוז ה גדול ב ה הסטוריה', 'קונספירציה ש עובדת ל טובת ה אינטרסים של תעשיות ה פחם ו ה רכב ב ה זמן ש משאבי כדור ה ארץ מתכלים ו צדק סביבתי מתרחק', 'ב ה ניגוד ל הכרזתו של טראמפ', 'אין סתירה בין צמיחה כלכלית ו מקומות עבודה לבין סביבה ב ה ריאה ו מקיימת', 'זו תפיסה מיושת ו שגויה', 'צמיחה בת קיימא היא מפתח ל כלכלה חזקה', 'כלכלה ש עובדת ב שירות בני ה אדם ו לא להפך', 'הסכם ה אקלים הוא הישג אדיר ש הובילה קבוצה של מנהיגים מתוך אחריות ל תושבי ה כדור', 'ב אחריות שאר ה מדינות לוודא ש נחישותו של טראמפ להחריב כל הישג של קודמו לא תעלה ב ה מחיר כבד מדי ל ה שאר ה עולם', 'שער ה עיתון דר ש פיגל מ נובמבר 2016']","[2, 2, 1, 1, 1, 1, 1, 0, 0, 1, 1, 0]","[-1, -1, -1, -1, -1, 0, -1, 2, 2, 0, -1, 2]"
זאב אלקין,הליכוד,"1 ביוני 2017, 14:45","['אני מאוכזב מ החלטתו של ה נשיא טראמפ אשר הבטיח ל בוחריו להעביר את ה שגרירות ל ה ירושלים ו לא קיים', 'מקומן של כל ה שגרירויות הוא ב ה בירתנו ירושלים', 'אני קורא ל ה נשיא ה אמריקאי להודיע על העברת ה שגרירות ב ה הזדמנות ה באה', 'עוד ב מהלך שנת ה יובל ל איחודה של ה עיר', 'העברת ה שגרירות ה אמריקאית ו הכרה ב ירושלים מאוחדת כבירת ישראל כפי ש קבע ה קונגרס', 'לא רק ש לא היו פוגעים ב סיכויי ה שלום ה אמיתי עם ה פלסטינים אלא היו מבהירים ל פלסטינים ב צורה ברורה את מה ש מבין ה רוב ה מוחלט של אזרחי ישראל', 'ישראל לעולם לא תסכים ל חלוקת ירושלים']","[1, 0, 1, 0, 1, 0, 0]","[-1, 2, 0, 2, 0, 2, 2]"
אופיר אקוניס,הליכוד,"1 ביוני 2017, 14:38","['כש חזרתי מ ביקור ה עבודה ה אחרון של אני ב ארהב', 'אמרתי ש אני מעריך ש ל צערי ה פעם ה שגרירות לא תעבור ל ה ירושלים', 'אבל כיוון ש אני אופטימי ו מאמין ש ה נשיא טראמפ יעמוד ב הבטחתו', 'זה כן יקרה ב ה מהלך כהונתו', 'תקציר ראיון של אני ב ה נושא לפני זמן קצר ב מהדורה ראשונה']","[0, 0, 1, 1, 0]","[2, 2, 1, 1, 2]"
יריב לוין,הליכוד,"1 ביוני 2017, 14:28","['ה נשיא טראמפ הוא ידיד אמת של ישראל', 'דווקא משום כך ה אכזבה על אי העברת ה שגרירות היא גדולה']","[1, 1]","[1, -1]"
יואב קיש,הליכוד,"27 במאי 2017, 17:34","['מול שלושה חברי כנסת מ ה שמאל', 'פגשתי את ה עיתונות ה ערב כדי להזכיר ש טראמפ הגיע ל ה בית לחם', 'לחץ את ידו של אבו מ אזן', 'הסתכל ל הוא ב לבן של ה עיניים ו לא חזר ב נאומו על אבסורד שתי ה מדינות', 'זהו הישג משמעותי ל מתנגדי ה רעיון ה מסוכן ה זה', 'זה מצביע על התייצבותו של טראמפ ל ימינה של ישראל ו מוכיח ש עקביות ו דבקות ב ה עקרונות משתלמת', 'ל אתם ו ל ה משפחותיכם', 'שבוע טוב']","[0, 1, 1, 1, 0, 1, 0, 0]","[2, 0, 0, 0, 2, 1, 2, 2]"
גלעד ארדן,הליכוד,"25 במאי 2017, 15:57","['אז אחרי ש ערד ניר שיקר ב שידור חי לגבי מה ש אמרתי ל נשיא טראמפ מתברר ש הוא גם שיקר לגבי מה ש היה ידוע לגבי ה תאונה כש דיברתי עם ה נשיא', 'תעשיית ה פייק ניוז מ תוצרת ערד ניר עובדת סביב ה שעון', 'יש ל היא הרבה מטרות להוכיח ש שריפות נגרמות מ עצמן', 'לטעון ש ל ה פלשתינים אין קשר ל ה פיגועים ו לפעמים סתם להשחיר את משטרת ישראל', 'אבל לא יעזור ל ערד ניר ו לא ל שאר ה גורמים ה קיצוניים ש מנהלים קמפיין שקרי נגדי ו נגד כוחות ה ביטחון', 'נמשיך לעשות את ה עבודה של אנחנו ב כדי להגן על אזרחי ישראל', 'אנא שתפו', 'כדי לעזור ל אנחנו לפוגג את ה פייק ניוז']","[1, 0, 0, 0, 0, 0, 0, 0]","[0, 2, 2, 2, 2, 2, 2, 2]"
בנימין נתניהו,הליכוד,"23 במאי 2017, 17:36","['תודה ל אתה', 'ה נשיא טראמפ', 'על ידידותך ה אמיצה ל ה עם ה יהודי ו ל מדינת ישראל', 'אנו מעריכים את היא מ אוד', 'קובי גדעון']","[1, 1, 1, 1, 0]","[1, 0, 1, 1, 2]"
יעל גרמן,כחול לבן,"23 במאי 2017, 12:55","['11 פעמים הזכיר ה נשיא טראמפ את ה מילה שלום ב נאומו ה אחרון ב ה ארץ', 'לראשונה מ זה שנים ה נשיא ה אמריקני ה כשיר מחדש את ה מילה שלום', 'מילה ש נדמה ש כמעט ו איבדה מ ה לגיטימיות של היא ב ה שיח ה ציבורי ו נעדרה מ נאומי מנהיגים רבים ב ה שנים ה אחרונות', 'ב ראשם נתניהו', 'ו הנה מגיע ה נשיא ה אמריקאי', 'תקוות ה ימין ה ישראלי', 'ידידו ה אישי של ראש ה ממשלה נתניהו ו ב כל נאום הוא חוזר ו מדגיש את חשיבות ה שלום את ה תקווה ו את ה היתכנות ל הסדר שלום עם ה פלסטינים ו כל זאת בלי אבל או תנאים מקדימים', 'מי היה מאמין', 'אפשר לומר דברים רבים על אישיותו של טראמפ אך ב ביקורו ה קצר הביא רוחות של תקווה', 'עוד רגע הוא ימריא ו משימת ה שלום תהיה על אנחנו', 'יש כאן הזדמנות ל הסדר אזורי ו שלום עם ש כ נינו', 'אסור ל אנחנו לתת ל היא ל ה התפספס']","[1, 1, 0, 2, 1, 1, 1, 0, 1, 0, 0, 0]","[1, 1, 2, 0, 0, 0, 1, 2, 1, 2, 2, 2]"
דוד ביטן,הליכוד,"23 במאי 2017, 12:09","['נאומו של ה נשיא טראמפ היה נאום אמיץ ו מעורר השראה', 'נאום ב הוא קיימת דרישה בלתי מתפשרת מ כל מדינה ב אזורנו ש רוממות ה שלום ב גרונה לחסל את ה טרור', 'נאום ש ממפה ב ה דיוק את ציר ה רשע ב ה אזורנו ו מעביר מסר ל כל ארגון טרור', 'מחמאס דרך חיזבאללה ו עד ל ה דעאש', 'הישג חשוב מאוד ל ה מדיניות ה ישראלית את היא מוביל ראש ה ממשלה']","[1, 1, 1, 0, 2]","[1, 1, 1, 2, 1]"
עמר בר-לב,העבודה,"15 בפברואר 2017, 21:50","['ה אשלייה ש התנפצה ל ה ימין ב ה פנים', 'ב ה מקום להתעסק ב מה ש טראמפ לא אמר', 'ה דברים ש כן נאמרו הם', 'ויתורים כואבים ו המלצה ידידותית להפסיק את ה בניה ב ה התנחלויות', 'ב ה מסווה של תפאורה נעימה ו מילים עדינות', 'הודיע ה נשיא טראמפ ל ראש ה ממשלה נתניהו ש ה מדיניות ה אמריקאית כלפי ישראל ו ה פלסטינים לא תשתנתה מ תקופת אובמה', 'ב כוונתו לפעול ל ה שלום בין ה עמים ש יחייב את שני ה צדדים ל ה וויתורים כואבים', 'כאשר טראמפ מ מליץ לנתניהו לעצור ל תקופת מה את ה בנייה ב התנחלויות', 'זו עצה ידידותית מ חבר ש מחזיק מקל גדול ב ידו', 'ו הראה כבר כיצד הוא נוהג ב מי ש לא שומע ל עצתו', 'ב שורה תחתונה אל תאמינו ל מה ש מספרים ל אתם', 'טראמפ פשוט ניפץ ל ה ימין את ה אשליה ש ארהב תאפשר בנייה ב ה התנחלויות ו סיפוח']","[0, 1, 1, 1, 1, 1, 1, 1, 1, 1, 0, 1]","[2, 0, 0, 0, 0, 0, 0, 0, 1, 0, 2, 1]"
יריב לוין,הליכוד,"15 בפברואר 2017, 19:42","['ה הצהרות ה פומביות של ה נשיא טראמפ ו ראש ה ממשלה הן צעד חשוב ב ה כיוון ה נכון ו מבטאות סוף סוף התפכחות מ אשליות מסוכנות', 'ו ב ראשן אשליית ה מדינה ה פלסטינית', 'לאחר ש ה ממשל ה אמריקאי כבר אימץ גישה שונה ו מציאותית יותר', 'האם לא הגיע ה זמן ש גם ה שמאל ה ישראלי יתפכח מ ה אשליה']","[1, 0, 1, 0]","[1, 2, 1, 2]"
חיים ילין,העבודה,"30 בינואר 2017, 16:49","['נאה דורש', 'נאה מ קיים', 'לנתניהו היה מאוד נוח להתרעם על התערבותה של מועצת ה ביטחון ב ענייניה ה פנימיים של ישראל ו אז ב ה אקט נוטף חנופה בוחר דרך ציוץ מיותר להתערב ב הקמת ה חומה בין מקסיקו ל ה ארהב', 'יוזמתו של ה נשיא טראמפ מול ממשלת מקסיקו', 'ראוי ש ראש ה ממשלה ימנע מ שימוש ב מוסר כפול', 'ב ה זמן ש הוא מטיף ל מדינות ה עולם לא להתערב ב ה ענייניה ה פנימיים של ישראל', 'כך על הוא להימנע מ להתבטא ב נושאים רגישים ה קשורים ל ה אינטרסים ו ל מדיניות של מדינות זרות', 'בתור יור אגודת ה ידידות מקסיקו ישראל ב כ נסת', 'פניתי היום ב ה מכתב ל מקבילי ב ה פרלמנט ה מקסיקני ו ביקשתי להבהיר כי אין ל אנחנו כל רצון להתערב ב ה יחסים ש בין מקסיקו ל ארהב ו אנו מכבדים בהחלט את עמדותיה ה ריבוניות של ממשלת מקסיקו', 'לצד זאת מסרתי את תקוותי כי ביחד נוכל לשים את ה מקרה ה מצער ה זה מאחור אנחנו מתוך ה גישה שמה ש לא יצליח לערער את ה יחסים בין אנחנו', 'יתרום ל חיזוקם']","[0, 0, 2, 1, 2, 0, 2, 0, 0, 0, 0]","[2, 2, -1, 0, -1, 2, -1, 2, 2, 2, 2]"
תמר זנדברג,מרצ,"29 בינואר 2017, 16:59","['ב ה ימים ה אחרונים צפינו פעורי פה ו משתאים ב נשיא ארהב טראמפ מוציא ל פועל שורת צווים דרקוניים ו פופוליסטים', 'בין הם מניעת כניסה מ מוסלמים ו פליטים', 'חלקים ב ה ימין ה ישראלי רווים נחת מ ה נשיא ה חדש ו ה קיצוני', 'ש ב דומה ל ה הם עמדותיו מבוססות על שנאה ו גזענות', 'פילוג ו הדרה', 'ב ה זמן ש טראמפ פועל ב מהירות ו קדחתנות', 'ה ימין ה ישראלי מעדיף לא לעשות כ לום ו לייבב על חוסר משילות', 'אבל ה הבדל ה עיקרי בין ארהב ל ישראל הוא ה אופוזיציה', 'או יותר נכון היעדרה', 'בעוד טראמפ מתמודד מול הפגנות ענק ו מול שורה ארוכה של פוליטיקאים דמוקרטים ש מביעים את עמדתם ב פה מלא ו ב אופן חד ו בהיר', 'אצל אנחנו ראשי מפלגות ה אופוזיציה ה מרכזיות מתקרנפים', 'שותקים ו מ ה ססים', 'ב ארהב יוצאים חברי ה אופוזיציה נגד מדיניות ה נשיא ב פה מלא בלי ש אף אחד יטען נגדם ש הם בוגדים', 'אולי זה בגלל ש הם עצמם בטוחים ש הם לא כ ה אלה', 'דמעות זולגות על ל חיי פסל ה חירות', 'הגדיר מנהיג ה מיעוט ה דמוקרטי צאק שומר את ה צעדים נגד פליטים', 'מדובר ב פוליטיקאי מרכזי ו ממסדי', 'משהו ב ין איתן ברושי לחכ ממוצע ביש עתיד', 'הוא לא אמר ש זה מה ש דרוש ל ה אמריקה ו לא הסביר שטראמפ ב ה עצם צודק', 'הוא גם לא שתק', 'אצל אנחנו ה מצב כה אבסורדי ש אפילו אהוד ברק', 'הוגה תזת ה אין פרטנר ו זה ש דחף להפציץ את איראן מתוך ממשלת ביבי', 'נראה ל ה רבים פתאום אופציה מרעננת', 'רק כי הוא מוכן לומר את דעתו ו לצאת נגד ה טירוף ש מתחולל פה', 'ו תראו את ה אזרחים מיליונים מ הם יצאו ו יוצאים ל ה רחובות מ אז ש טראמפ נבחר', 'ו מוכיחים ש ה משחק ה דמוקרטי לא מתחיל ו נגמר ב ה קלפי', 'ש גם אם הפסידו', 'זאת ה מדינה של הם ו אין ל הם כוונה לוותר ל רגע אלא להמשיך ו להיאבק על ה דרך', 'הם לא סותמים את ה פה בגלל ש מישהו מאשים את הם ב ה הפיכה ש ל ה טונית', 'שנים של זריעת שנאה ו דה לגיטימציה יצרו אצל אנחנו שיתוק', 'מנהיגים פחדנים ממלאים פיהם מים', 'אזרחים מיואשים מוותרים מראש', 'אבל לא אנחנו', 'הצטרפות ל שמאל זה אולי ה דבר ה חשוב ביותר ש אפשר לעשות היום', 'כדי להיאבק על עצם ה זכות להיאבק', 'ו לא פחות חשוב על ה דרך ש ל אנחנו', 'על ה ערכים', 'על פניה של ה מדינה', 'לא התייאשתן', 'הצטרפו אל אני']","[1, 1, 1, 1, 1, 1, 0, 0, 0, 1, 0, 0, 1, 0, 0, 0, 0, 0, 1, 0, 0, 2, 0, 0, 1, 0, 0, 0, 0, 0, 0, 0, 0, 0, 0, 0, 0, 0, 0, 0]","[-1, 0, -1, -1, -1, 0, 2, 2, 2, -1, 2, 2, -1, 2, 2, 2, 2, 2, 0, 2, 2, 0, 2, 2, -1, 2, 2, 2, 2, 2, 2, 2, 2, 2, 2, 2, 2, 2, 2, 2]"
יואב קיש,הליכוד,"25 בינואר 2017, 07:48","['סיסמאות ה נאצים חוזרות היום אצל טראמפ בארהב ו אפילו אצל אנחנו אצל מ ירי רגב', 'אלו ה מילים ב ה הם בחר להשתמש חכ עיסאווי פריג היום מעל בימת הכנסת', 'הוא השווה את מנהיג ארהב ה נבחר ל ה נאצי ו גם שרה ב ממשלת ישראל', 'ה זילות של ה שמאל ב ה טרגדיה ה גדולה ביותר ב ה היסטוריה של ה יהדות היא חלק מ תהליך רחב יותר', 'ב מסגרתו ה יד קצרה על ה הדק ב שימוש ב מושגים כמו פשיזם', 'סוף ה דמוקרטיה', 'אני לא מאמין ב ה הפחדות', 'אני לא מאמין ש ה דמוקרטיה מתקרבת ל ה קיצה ב מדינת ישראל', 'שנוכחותנו ביהודה ו שומרון מובילה ל סוף ה ציונות', 'או ש יש אפילו נקודת דמיון אחת בין תקופתנו ל תקופת עליית ה נאצים ב ה גרמניה', 'אני כן מאמין ב יכולתנו ל ה תקן ו להשתפר', 'ל דבר אחד עם ה שני ב צורה תרבותית בלי לפגוע ב ה מזיד', 'ביקורת היא דבר חשוב', 'אך לעיתים ה דרך ב היא היא מועברת חשובה לא פחות', 'אציע ל חבריי מ ה אופוזיציה לחדול מ ה דמגוגיה', 'מ ה ארסיות ו ה הפחדה ה בלתי פוסקת ו לנסות לזכות ב אמון ה ציבור ב ה דרכים חלופיות', 'מה יש ל אתם כבר להפסיד']","[1, 0, 1, 0, 0, 0, 0, 0, 0, 0, 0, 0, 0, 0, 0, 0, 0]","[0, 2, 0, 2, 2, 2, 2, 2, 2, 2, 2, 2, 2, 2, 2, 2, 2]"
מרב מיכאלי,העבודה,"22 בינואר 2017, 07:51","['הרבה יותר נשים ו גברים היו אתמול ב ה הפגנה למען שוויון ו נגד סקסיזם ו גזענות מאשר גברים ו נשים ש היו שלשום', 'ב ה השבעה של דונלד טראמפ', 'ש עשה קמפיין ש כולו סקסיזם ו גזענות', 'ו זה לא קרה סתם', 'גם הרבה יותר שלושה מיליון יותר', 'הצביעו ל מי ש עשתה קמפיין של שוויון ו ביחד', 'והייתה אצילית ו מ ה ממת ב ה לבן ב טקס ה השבעה', 'ה אמריקאיות ו ה אמריקאים עוד יעשו חשבון נפש ו יצטרכו גם לבחון את שיטת ה אלקטורים של הם', 'אני מקווה ש ה נשיא הנכנס ראה את ה הפגנה ה גדולה ה זו ו את ה הפגנות אחיות של היא ב כל ה עולם ו ה קולות ה ברורים ש עולים מ הם', 'נשים ב כל ה עולם היום יודעות ש הן שוות ו לא ניתן ל אף אחד לנסות לשנות את זה גם לא אם הוא יושב ב ה חדר ה סגלגל']","[0, 1, 1, 0, 0, 0, 0, 0, 1, 1]","[2, 0, -1, 2, 2, 2, 2, 2, -1, -1]"
מיכל רוזין,מרצ,"20 בינואר 2017, 08:37","['מחר חברותינו ה אמריקאיות ישכתבו ב רגליהן את ה היסטוריה כש יצעדו נגד ה סקסיזם ו ה שובניזם', 'זה יקרה ב ה ארהב', 'יום לאחר טקס ה השבעה של ה נשיא ה חדש', 'דונלד טראמפ', 'כ קריאת מחאה על מעלליו ו התבטאויותיו', 'היום מתחיל עידן טראמפ', 'עדיין לא ברור אם ה הילולות של ה ימין ב ישראל יתנפצו', 'או ש יקבלו את ה תמיכה ב מדיניות סרבנות ה שלום', 'אך דבר אחד הוא כבר בגדר עובדה', 'עידן טראמפ הוא עידן פוסט ה אמת ו אובדן ה בושה', 'עידן ב הוא אין חשיבות ל עובדות', 'ממלכתיות ו ערכים', 'כל איש ו אישה ש עקבו אחרי קמפיין ה בחירות של הוא יודע זאת', 'התבטאויות נגד בעלי מוגבלויות', 'מוסלמים ו מיעוטים נוספים היו אקורד ה ניצחון של הוא', 'דיווחים מ ארהב מספרים ש ה מציאות ב ה רחובות השתנתה תקיפות', 'גילויי אנטישמיות ו שאר סיפורים מזעזעים', 'ה מבטאים יותר מ כל את אובדן ה מוסר', 'ה בחירות הסתיימו', 'מ ה יום יש נשיא ארצות ה ברית חדש', 'מותר ו צריך להביע סולידריות עם מחאת ה נשים ב ה ארהב', 'תמיכה נשית ו אחווה אמיתית בין אנחנו אוהבי ה אדם', 'ה מאמינים ב זכויות ה אדם ו ב ה כבוד ל כל איש ו אישה']","[1, 1, 1, 1, 1, 1, 0, 1, 0, 1, 1, 1, 1, 1, 1, 0, 0, 0, 0, 1, 1, 0, 0]","[-1, 0, 0, 0, -1, 0, 2, 0, 2, -1, -1, 0, 0, -1, -1, 2, 2, 2, 2, 0, -1, 2, 2]"
בנימין נתניהו,הליכוד,"28 בדצמבר 2016, 15:16","['ה נשיא ה נבחר טראמפ', 'תודה ל אתה על ה ידידות ה חמה ו על תמיכתך ה חד משמעית ב ה ישראל']","[1, 1]","[0, 1]"
משה יעלון,כחול לבן,"9 בנובמבר 2016, 13:37","['ב רכות ל נשיא ה נבחר של ארצות ה ברית', 'דונלד טראמפ', 'ארצות ה ברית היא ידידתה ה גדולה ביותר של ישראל', 'ו אני בטוח ש ה נשיא טראמפ ימשיך ב ה דרך ש סללו קדם את הוא']","[1, 1, 1, 1]","[1, 0, 1, 1]"
אביגדור ליברמן,ישראל ביתנו,"9 בנובמבר 2016, 12:40","['אני מברך את ה נשיא ה נבחר של ארהב', 'דונאלד טראמפ', 'ו מאחל ל הוא הצלחה גדולה', 'אנו נמשיך', 'יחד עם ה נשיא ה חדש', 'לשמור ו לחזק את ה קשר ה מיוחד ו ה ידידות ה אמיצה בין ה מדינות ו נפעל לחזק את ה ערכים ה משותפים ל ה ישראל ו ל ה ארהב']","[1, 1, 1, 0, 1, 1]","[1, 0, 1, 2, 0, 1]"
מיכל רוזין,מרצ,"9 בנובמבר 2016, 11:23","['קיוויתי ש אקום הבוקר ל נאום ה ניצחון של ה נשיאה ה ראשונה של ארצות ה ברית', 'שמונה שנים לאחר ש נבחר ה נשיא ה שחור ה ראשון להוביל את ה עולם ה חופשי', 'איחלתי ל אנחנו ש נזכה לראות שחר של יום חדש', 'עידן ב הוא ה נשים מאתגרות ב יתר שאת את תקרת ה זכוכית', 'ה ציבור ה אמריקאי בחר ב ה מועמד ה רפובליקני דונלד טראמפ ו אני מכבדת את ה הכרעה ה דמוקרטית של אזרחי ו אזרחיות ארהב', 'ב ה שבוע ה אחרון מאות נשים עלו ל קברה של סוזן ב', 'פמיניסטית ו מ מובילות ה מאבק למען זכות הצבעה ל נשים', 'ה בחירות ל נשיאות ה שנה מתקיימות 144 שנים לאחר ש אנתוני נעצרה על כך ש הצביעה ל נשיאות ארהב ב ניגוד ל ה חוק דאז', 'אנתוני לא זכתה להגיע ל רגע ב הוא ה תיקון ה 19 ב ה חוקה ה אמריקאית הכיר בזכות ה נשים להצביע', 'פחות מ 100 שנה אחרי', 'מאות נשים ש מימשו את זכות הצבעתן עיטרו את קברה ב מדבקות ש עליהם רשום הצבעתי היום ו ציינו את ה מהפכה ה גדולה ש אנחנו עדיין ב שיאה', 'ה בחירות ה אלו היו ב חירות היסטוריות', 'מועמדת עמדה מול מועמד ו נאבקה למען כלל ה אזרחים ו ה אזרחיות', 'היא זעקה עבור אלו אשר ה מתמודד מול היא השמיץ ו פגע', 'בין הם מ ה גרים', 'בעלי מוגבלויות ו בעיקר נשים', 'ה אגנדה ה פמיניסטית פועלת להיאבק למען זכויות כלל ה מיעוטים ו ה מודרים', 'ו מאמינה ב ה שוויון ל כל', 'קלינטון נתנה את מאבק חייה ו בתור אישה אין ספק ש היא שברה את תקרת ה זכוכית', 'זכותנו כ נשים להגיע ל קלפיות ו להצביע עבור עתידנו אינה מובנת מאל היא', 'כך גם זכותנו לחשוף הטרדות מיניות ו לזעוק על במות ציבוריות כי לא נכיל ביזוי ו השפלת נשים', 'מה הייתה אומרת סוזן ב', 'אנתוני אילו הייתה יודעת כי היום ב ה יכולתנו לעמוד ב ראש ה נהגת מדינות', 'דרך ארוכה עוד לפני אנחנו', 'אין ספק ש בחירתה של אישה ב ה פעם ה ראשונה ל נשיאות ארהב הייתה יכולה להיות רגע מכונן ב ה מהפכה ה פמיניסטית אך אני בטוחה ש נגיע ל כך ב עתיד', 'עצם ה התמודדות של אישה לעמוד ב ראש ה מעצמה ה עולמית הוא ניצחון', 'הוכחה נוספת ל כך ש ה מרחק בין אנחנו לבין שוויון מ גדרי מלא ב כל תחום מצטמצם מ יום ל יום ו מ שנה ל ה שנה', 'זה רק עניין של זמן', 'בינתיים אנו נמשיך להיאבק']","[0, 0, 0, 0, 1, 0, 0, 0, 0, 0, 0, 1, 1, 1, 0, 0, 0, 0, 0, 0, 0, 0, 0, 0, 0, 0, 0, 0, 0]","[2, 2, 2, 2, 0, 2, 2, 2, 2, 2, 2, 0, 0, -1, 2, 2, 2, 2, 2, 2, 2, 2, 2, 2, 2, 2, 2, 2, 2]"
